amount,category,type,hour,location_distance,previous_transactions,is_fraud
63960.71,Food,INCOME,7,223.21,3,1
89223.35,Food,INCOME,1,29.8,6,1
60221.77,Entertainment,EXPENSE,22,649.88,17,1
44948.44,Shopping,EXPENSE,5,698.14,10,1
21570.61,Other,INCOME,3,92.75,3,1
34428.37,Shopping,EXPENSE,23,459.42,3,1
37884.51,Entertainment,INCOME,20,618.52,11,0
70471.96,Food,EXPENSE,9,985.22,7,1
38043.62,Bills,INCOME,5,370.18,6,0
70196.94,Salary,EXPENSE,19,634.98,17,1
16382.08,Bills,INCOME,20,688.16,7,0
84293.05,Other,EXPENSE,7,821.8,10,1
6665.55,Entertainment,INCOME,6,655.44,12,0
64303.04,Travel,INCOME,4,246.63,17,1
74714.03,Bills,INCOME,11,219.32,4,1
9136.4,Food,EXPENSE,4,627.45,13,1
38507.49,Entertainment,INCOME,16,251.41,17,0
1197.53,Salary,EXPENSE,21,884.79,8,1
34050.54,Shopping,INCOME,5,453.72,8,1
76208.12,Entertainment,EXPENSE,20,298.44,20,1
19931.16,Shopping,EXPENSE,17,953.5,16,1
59914.51,Bills,EXPENSE,3,929.1,9,1
24125.12,Entertainment,EXPENSE,2,731.91,2,1
53293.98,Travel,EXPENSE,21,475.28,17,1
52791.0,Entertainment,INCOME,6,928.91,6,1
39929.28,Salary,INCOME,14,899.61,14,1
22508.5,Shopping,EXPENSE,18,553.92,18,0
7145.76,Salary,EXPENSE,7,67.4,1,0
7132.19,Travel,INCOME,21,485.41,17,0
93554.65,Entertainment,INCOME,7,784.62,13,1
9738.23,Bills,INCOME,13,411.1,1,0
98417.31,Food,EXPENSE,12,728.21,3,1
19061.38,Bills,EXPENSE,13,183.49,14,0
92330.4,Bills,EXPENSE,1,652.14,17,1
96901.18,Other,EXPENSE,5,406.41,15,1
40133.98,Food,EXPENSE,12,2.16,12,0
78417.86,Bills,INCOME,13,696.59,17,1
48692.81,Travel,INCOME,6,968.71,18,1
6142.71,Shopping,EXPENSE,1,584.18,16,1
53136.06,Food,EXPENSE,5,68.52,2,1
23558.63,Food,EXPENSE,18,594.52,19,0
65754.45,Entertainment,INCOME,8,204.26,10,1
39608.8,Salary,INCOME,14,316.18,2,1
62134.87,Entertainment,EXPENSE,2,537.63,16,1
93329.27,Food,EXPENSE,11,284.99,14,1
70368.82,Entertainment,EXPENSE,21,817.1,9,1
10403.47,Travel,INCOME,3,889.71,17,1
28211.54,Travel,INCOME,6,687.5,8,0
25149.57,Other,EXPENSE,2,634.28,8,1
33388.98,Travel,INCOME,5,741.23,17,1
56112.64,Food,EXPENSE,22,903.93,17,1
36953.14,Entertainment,EXPENSE,13,127.45,9,0
93312.15,Other,EXPENSE,11,210.08,7,1
35400.18,Entertainment,INCOME,19,749.48,7,1
97621.79,Other,EXPENSE,13,24.79,10,1
41200.73,Salary,EXPENSE,8,159.2,3,0
3920.52,Bills,EXPENSE,6,816.59,14,1
82062.61,Other,EXPENSE,7,23.66,6,1
27896.38,Food,INCOME,11,641.48,12,0
84373.93,Shopping,EXPENSE,3,877.04,8,1
96255.3,Shopping,EXPENSE,3,596.57,11,1
31402.05,Entertainment,EXPENSE,12,899.5,6,1
70893.09,Food,EXPENSE,11,431.3,10,1
66355.58,Food,INCOME,16,309.28,13,1
69735.98,Entertainment,EXPENSE,6,420.45,12,1
90285.41,Entertainment,INCOME,12,547.94,0,1
21057.76,Other,INCOME,14,441.79,6,0
79383.85,Other,EXPENSE,21,84.8,16,1
61945.12,Food,EXPENSE,21,310.42,6,1
4669.06,Bills,EXPENSE,14,414.44,20,0
71848.67,Bills,INCOME,12,243.98,20,1
89271.35,Other,EXPENSE,13,218.84,16,1
55762.71,Other,EXPENSE,14,133.34,14,1
98789.85,Entertainment,INCOME,14,612.65,16,1
90690.13,Bills,EXPENSE,23,861.49,14,1
24761.61,Salary,INCOME,16,484.6,7,0
7794.46,Shopping,EXPENSE,8,335.85,17,0
15125.52,Bills,EXPENSE,22,213.95,13,0
54283.98,Bills,EXPENSE,6,832.89,12,1
58428.74,Salary,EXPENSE,18,380.38,0,1
29896.33,Bills,INCOME,17,747.52,17,1
89786.24,Bills,EXPENSE,8,435.84,0,1
66903.92,Other,INCOME,23,165.04,14,1
98073.16,Entertainment,EXPENSE,12,591.89,0,1
42889.85,Other,INCOME,5,50.28,12,0
45497.2,Shopping,INCOME,8,752.01,13,1
8236.53,Food,EXPENSE,11,224.22,2,0
65192.88,Other,EXPENSE,7,199.36,0,1
23892.57,Bills,EXPENSE,18,947.76,14,1
76701.46,Travel,EXPENSE,5,964.72,3,1
92892.27,Entertainment,INCOME,12,941.47,6,1
69076.91,Salary,EXPENSE,3,697.19,9,1
60061.14,Food,EXPENSE,11,532.75,11,1
64771.95,Food,INCOME,15,105.54,11,1
82879.3,Salary,EXPENSE,13,176.14,16,1
27044.74,Other,INCOME,14,435.57,18,0
85178.73,Other,EXPENSE,8,881.63,7,1
57006.47,Salary,INCOME,10,28.7,10,1
21251.38,Other,INCOME,10,279.66,19,0
27663.04,Food,EXPENSE,2,241.36,13,1
75828.56,Salary,INCOME,20,711.84,14,1
9350.68,Travel,INCOME,22,243.31,18,0
55369.62,Shopping,INCOME,23,550.39,11,1
27128.1,Shopping,EXPENSE,3,721.28,10,1
53609.6,Other,EXPENSE,6,216.38,15,1
58979.21,Other,INCOME,3,832.63,9,1
17985.18,Food,EXPENSE,8,45.52,1,0
69756.87,Travel,INCOME,3,872.72,18,1
47897.49,Shopping,EXPENSE,1,252.48,15,1
6581.08,Bills,EXPENSE,18,629.45,1,0
81123.65,Shopping,EXPENSE,7,118.45,13,1
79084.55,Travel,INCOME,14,908.5,9,1
99003.62,Shopping,EXPENSE,19,960.11,3,1
20818.4,Travel,INCOME,21,81.19,7,0
7552.73,Food,INCOME,14,689.37,15,0
23186.05,Salary,INCOME,22,859.61,2,1
92394.91,Other,EXPENSE,13,114.78,7,1
90845.72,Other,EXPENSE,2,59.64,9,1
82432.82,Shopping,INCOME,3,468.7,9,1
94270.49,Entertainment,INCOME,14,80.44,1,1
73466.67,Entertainment,INCOME,0,91.33,18,1
2123.51,Other,INCOME,18,40.23,5,0
65168.37,Shopping,EXPENSE,18,435.88,15,1
47027.54,Bills,INCOME,10,670.13,5,0
69382.68,Shopping,INCOME,17,36.7,2,1
32361.21,Other,INCOME,16,824.93,0,1
54282.23,Bills,EXPENSE,6,518.44,19,1
62559.6,Other,EXPENSE,6,267.06,4,1
43839.7,Salary,INCOME,3,28.87,20,1
23967.78,Travel,INCOME,17,13.67,13,0
99226.1,Food,INCOME,3,647.71,4,1
71674.5,Entertainment,INCOME,13,834.72,15,1
55148.94,Bills,EXPENSE,19,508.24,4,1
27660.93,Other,INCOME,10,934.25,16,1
306.4,Salary,INCOME,18,579.92,15,0
44682.41,Bills,INCOME,10,551.92,17,0
93288.58,Other,EXPENSE,22,238.81,12,1
77565.67,Food,INCOME,23,472.98,12,1
66385.7,Other,EXPENSE,15,964.82,4,1
59038.53,Other,EXPENSE,14,99.71,14,1
14458.33,Other,EXPENSE,2,469.49,8,1
69285.82,Salary,EXPENSE,10,852.34,17,1
31700.28,Salary,INCOME,17,35.9,2,0
68455.74,Shopping,EXPENSE,23,90.38,3,1
70403.89,Food,INCOME,5,694.0,0,1
79624.54,Shopping,INCOME,11,430.69,7,1
56614.51,Other,EXPENSE,5,175.07,19,1
61990.05,Travel,INCOME,18,143.12,14,1
45984.07,Salary,EXPENSE,14,901.21,17,1
44200.89,Shopping,INCOME,20,962.03,8,1
30247.06,Bills,INCOME,3,237.21,18,1
29622.45,Salary,INCOME,0,977.94,12,1
56614.61,Salary,EXPENSE,19,745.17,9,1
23050.33,Other,INCOME,7,636.62,19,0
75569.95,Other,EXPENSE,20,97.16,20,1
30927.84,Bills,EXPENSE,18,364.86,4,0
29546.29,Salary,INCOME,5,200.79,17,0
36617.46,Entertainment,INCOME,5,256.97,15,0
29549.39,Other,INCOME,3,468.33,2,1
96651.7,Other,INCOME,17,365.78,12,1
53680.4,Bills,INCOME,21,749.01,8,1
82250.61,Shopping,EXPENSE,21,233.82,0,1
94319.76,Shopping,EXPENSE,20,63.22,14,1
30253.91,Bills,EXPENSE,4,45.35,1,1
49287.83,Food,EXPENSE,17,135.66,14,0
94940.61,Salary,INCOME,18,742.27,4,1
65509.44,Other,INCOME,19,408.12,8,1
37084.47,Bills,INCOME,7,855.45,3,1
36765.13,Salary,INCOME,1,398.14,6,1
94903.63,Other,INCOME,2,662.77,20,1
97110.78,Food,INCOME,7,988.82,18,1
82990.29,Entertainment,EXPENSE,18,215.95,7,1
14798.04,Entertainment,EXPENSE,8,858.41,4,1
54044.53,Other,EXPENSE,3,661.06,0,1
35856.32,Other,EXPENSE,18,323.77,5,0
12719.52,Bills,EXPENSE,23,63.56,14,0
51348.13,Food,INCOME,16,221.55,19,1
78333.54,Other,INCOME,14,643.34,0,1
47924.24,Bills,INCOME,21,107.96,14,0
8125.01,Entertainment,EXPENSE,2,126.19,19,1
54858.23,Shopping,INCOME,19,530.56,14,1
43048.42,Other,EXPENSE,20,650.92,17,0
21541.56,Bills,EXPENSE,13,338.93,14,0
72974.77,Shopping,INCOME,10,665.11,11,1
68697.76,Bills,EXPENSE,2,831.77,2,1
74471.67,Shopping,EXPENSE,17,59.98,17,1
67017.83,Bills,INCOME,21,941.13,13,1
72120.01,Shopping,INCOME,11,103.6,16,1
65690.79,Travel,EXPENSE,11,845.37,11,1
27892.89,Travel,INCOME,17,974.55,19,1
64287.78,Food,INCOME,0,180.42,9,1
35134.79,Travel,EXPENSE,18,657.34,2,0
63335.54,Food,EXPENSE,23,530.48,12,1
34122.55,Shopping,INCOME,23,324.38,18,1
88340.05,Travel,EXPENSE,19,49.76,2,1
66210.77,Bills,INCOME,13,273.17,16,1
43019.87,Shopping,INCOME,16,667.13,1,1
98445.34,Food,EXPENSE,6,301.42,6,1
76427.88,Shopping,INCOME,3,7.73,13,1
38051.73,Salary,EXPENSE,16,558.72,11,0
86183.35,Food,INCOME,0,459.75,2,1
57597.13,Entertainment,INCOME,22,640.14,9,1
2134.61,Shopping,EXPENSE,19,460.1,11,0
84456.21,Travel,INCOME,18,400.45,2,1
31061.94,Shopping,EXPENSE,10,779.12,2,1
11446.96,Entertainment,EXPENSE,11,351.1,20,0
23665.07,Travel,INCOME,6,173.5,4,0
65568.13,Travel,INCOME,14,754.45,18,1
92419.22,Entertainment,INCOME,20,316.14,14,1
44248.7,Shopping,INCOME,18,56.17,16,1
46201.16,Food,EXPENSE,11,831.7,2,1
97737.98,Food,INCOME,14,580.33,1,1
80991.1,Salary,EXPENSE,10,605.01,16,1
6234.28,Food,INCOME,22,84.33,20,0
24811.99,Bills,INCOME,16,522.75,5,0
91797.78,Bills,INCOME,10,678.9,1,1
64748.17,Food,INCOME,3,557.96,12,1
72387.18,Salary,EXPENSE,10,81.5,4,1
31057.66,Salary,INCOME,4,595.04,2,1
37699.1,Other,INCOME,4,670.12,16,1
67062.08,Entertainment,INCOME,0,362.6,5,1
34206.15,Other,INCOME,6,226.54,4,0
29614.42,Other,EXPENSE,16,770.87,16,1
33709.6,Other,EXPENSE,19,376.72,5,0
69299.92,Entertainment,EXPENSE,23,437.67,13,1
71972.59,Bills,INCOME,23,783.8,7,1
30981.32,Other,INCOME,6,367.84,18,0
46194.91,Shopping,INCOME,16,527.46,5,1
80135.86,Travel,INCOME,1,641.18,11,1
10303.84,Other,EXPENSE,9,83.88,5,0
90535.36,Travel,INCOME,2,946.41,7,1
88468.75,Food,INCOME,1,396.45,11,1
99452.81,Shopping,EXPENSE,0,318.68,3,1
65013.57,Other,EXPENSE,4,38.3,15,1
13922.33,Salary,INCOME,14,615.35,2,1
21604.69,Travel,INCOME,3,776.17,7,1
4822.56,Bills,INCOME,2,110.86,15,1
1692.71,Entertainment,EXPENSE,22,143.58,13,1
35313.96,Entertainment,INCOME,5,664.37,2,0
36092.35,Entertainment,EXPENSE,12,873.33,1,1
98104.89,Shopping,EXPENSE,11,788.52,11,1
65727.58,Food,INCOME,4,44.34,17,1
64297.42,Other,INCOME,22,478.53,5,1
6356.9,Other,INCOME,1,293.44,1,1
88584.75,Shopping,INCOME,16,398.22,17,1
3710.25,Salary,EXPENSE,9,356.97,1,0
33225.87,Food,INCOME,13,889.49,14,1
38695.14,Travel,INCOME,22,497.52,16,0
8307.02,Bills,EXPENSE,13,602.45,5,0
32155.08,Food,INCOME,21,295.64,14,0
42640.3,Salary,INCOME,11,447.13,11,0
43522.3,Salary,EXPENSE,2,671.18,12,1
80119.54,Salary,EXPENSE,0,142.78,19,1
43845.37,Travel,EXPENSE,7,778.52,11,1
94949.24,Food,EXPENSE,21,449.92,11,1
76320.29,Entertainment,EXPENSE,16,366.95,10,1
24998.68,Food,EXPENSE,23,186.05,16,0
56189.19,Shopping,INCOME,22,446.27,19,1
91652.07,Bills,EXPENSE,3,135.73,2,1
89872.97,Bills,EXPENSE,21,967.56,10,1
70968.57,Entertainment,INCOME,9,851.36,20,1
36181.14,Travel,EXPENSE,6,792.07,7,1
2677.09,Entertainment,INCOME,14,803.66,17,1
88430.43,Food,INCOME,12,999.6,15,1
76928.0,Other,EXPENSE,4,972.38,20,1
46610.03,Entertainment,INCOME,4,877.96,17,1
18237.22,Travel,INCOME,16,910.71,1,1
51834.31,Shopping,EXPENSE,5,322.66,7,1
94093.36,Shopping,EXPENSE,8,196.3,17,1
62520.99,Entertainment,EXPENSE,16,640.99,18,1
15461.72,Salary,INCOME,18,41.19,0,0
94857.26,Other,INCOME,20,210.81,18,1
63917.17,Bills,INCOME,20,956.65,15,1
80744.56,Bills,INCOME,14,72.97,1,1
41591.39,Bills,EXPENSE,10,606.66,10,0
31965.67,Other,INCOME,12,130.77,11,0
10663.08,Travel,INCOME,3,267.47,7,1
5108.0,Bills,INCOME,7,962.69,5,1
93378.47,Salary,INCOME,6,763.12,15,1
46708.17,Shopping,INCOME,0,90.05,12,1
96670.33,Travel,INCOME,1,50.54,15,1
84292.82,Salary,INCOME,9,536.69,3,1
88251.45,Salary,INCOME,12,365.94,12,1
56203.6,Shopping,INCOME,2,386.35,14,1
28008.08,Entertainment,EXPENSE,4,975.08,12,1
98679.43,Entertainment,INCOME,4,199.06,16,1
4073.48,Food,EXPENSE,22,333.04,15,0
14936.62,Entertainment,EXPENSE,10,931.37,10,1
99062.04,Salary,INCOME,18,336.37,16,1
70888.54,Shopping,INCOME,0,368.36,3,1
58391.03,Other,EXPENSE,19,474.59,20,1
77627.39,Entertainment,EXPENSE,23,51.36,15,1
62921.07,Entertainment,INCOME,4,821.66,7,1
94823.11,Food,EXPENSE,0,441.04,13,1
69065.5,Bills,INCOME,23,727.4,4,1
56110.63,Salary,INCOME,16,376.82,5,1
53336.05,Entertainment,INCOME,21,771.99,20,1
26473.0,Bills,EXPENSE,7,279.01,9,0
97292.42,Shopping,INCOME,22,207.28,15,1
34912.88,Other,INCOME,9,121.87,17,0
98017.05,Other,INCOME,4,290.45,9,1
7948.99,Bills,INCOME,23,479.08,6,0
27149.72,Entertainment,INCOME,4,109.23,18,1
5124.0,Entertainment,EXPENSE,20,232.84,3,0
71749.94,Food,EXPENSE,0,964.52,5,1
93506.46,Bills,INCOME,20,199.46,9,1
64607.5,Other,EXPENSE,20,574.13,17,1
85040.79,Food,EXPENSE,13,882.24,5,1
3682.17,Other,INCOME,15,186.31,9,0
976.25,Entertainment,EXPENSE,10,284.56,20,0
49416.55,Travel,INCOME,8,192.81,3,0
73125.37,Salary,INCOME,22,186.2,10,1
56799.73,Other,EXPENSE,5,610.95,20,1
82707.63,Entertainment,INCOME,2,400.83,3,1
14104.16,Shopping,EXPENSE,0,260.79,7,1
26736.08,Shopping,INCOME,18,722.88,0,1
35987.23,Travel,EXPENSE,21,118.22,9,0
68623.06,Salary,INCOME,22,117.42,9,1
22123.88,Travel,INCOME,4,454.98,19,1
70208.98,Bills,EXPENSE,7,680.34,19,1
8232.94,Bills,INCOME,2,917.24,3,1
54787.54,Entertainment,EXPENSE,18,536.66,5,1
52058.14,Food,EXPENSE,22,583.15,2,1
44576.0,Food,INCOME,4,513.25,14,1
55901.78,Salary,INCOME,23,21.77,8,1
74593.16,Entertainment,EXPENSE,1,423.7,2,1
6072.55,Food,INCOME,1,287.09,5,1
76594.48,Salary,INCOME,11,992.86,12,1
91715.65,Bills,INCOME,2,682.73,17,1
86035.64,Food,EXPENSE,17,393.06,4,1
22307.89,Food,EXPENSE,9,463.0,17,0
37958.68,Travel,EXPENSE,14,346.16,8,0
87527.06,Other,EXPENSE,1,809.48,13,1
93626.98,Food,EXPENSE,6,67.29,19,1
59798.6,Salary,EXPENSE,7,740.54,12,1
53998.99,Other,EXPENSE,4,503.9,9,1
91643.88,Entertainment,INCOME,18,597.92,10,1
87632.02,Salary,EXPENSE,13,300.5,1,1
59187.13,Salary,EXPENSE,20,678.75,17,1
97230.41,Salary,INCOME,16,318.73,13,1
30023.86,Travel,INCOME,7,849.34,9,1
14477.96,Bills,EXPENSE,17,412.68,13,0
13452.57,Travel,INCOME,6,330.26,2,0
84720.98,Food,EXPENSE,1,268.46,19,1
87368.36,Travel,EXPENSE,15,208.89,10,1
90903.97,Travel,EXPENSE,23,117.32,15,1
69577.85,Salary,EXPENSE,12,915.13,17,1
28341.77,Bills,INCOME,9,261.56,16,0
46627.11,Other,INCOME,10,914.33,11,1
4619.26,Other,EXPENSE,23,145.92,8,0
58423.99,Salary,INCOME,9,152.41,10,1
57000.46,Travel,INCOME,17,654.61,10,1
82168.11,Salary,INCOME,14,168.23,11,1
72045.34,Bills,EXPENSE,17,990.32,1,1
83914.9,Food,EXPENSE,0,412.39,20,1
70731.6,Food,EXPENSE,16,456.01,1,1
66692.14,Entertainment,INCOME,21,487.85,0,1
41163.28,Food,INCOME,17,977.48,0,1
69801.01,Bills,EXPENSE,3,918.05,16,1
19233.61,Entertainment,INCOME,11,267.32,12,0
95931.81,Bills,EXPENSE,22,225.86,2,1
85829.0,Other,EXPENSE,2,405.28,12,1
5658.69,Food,EXPENSE,2,499.86,13,1
33160.5,Other,EXPENSE,16,919.15,7,1
86818.28,Entertainment,INCOME,8,46.56,2,1
28073.28,Entertainment,EXPENSE,5,928.77,10,1
20755.45,Travel,INCOME,2,299.28,18,1
83473.32,Bills,INCOME,12,755.61,4,1
68946.59,Food,INCOME,1,97.69,7,1
34092.25,Other,INCOME,10,29.63,8,0
45082.49,Travel,INCOME,17,941.14,13,1
58608.22,Bills,EXPENSE,19,295.38,7,1
8249.7,Travel,INCOME,22,783.89,4,1
31701.99,Food,EXPENSE,0,942.96,14,1
27013.16,Travel,EXPENSE,5,430.98,17,0
40834.02,Food,EXPENSE,11,554.22,19,0
32476.81,Bills,EXPENSE,9,413.81,2,0
55975.68,Travel,EXPENSE,21,380.73,4,1
26877.26,Travel,EXPENSE,5,434.68,13,0
78277.53,Shopping,INCOME,7,720.9,15,1
19595.05,Food,EXPENSE,9,6.77,12,0
62038.21,Other,INCOME,14,334.74,20,1
13655.64,Shopping,EXPENSE,15,314.18,12,0
29180.24,Salary,INCOME,18,781.97,10,1
81658.63,Bills,INCOME,3,932.07,6,1
54585.63,Salary,EXPENSE,23,461.62,6,1
29168.55,Salary,EXPENSE,13,672.98,4,0
24240.02,Salary,EXPENSE,22,423.13,12,0
99070.53,Bills,INCOME,17,506.61,13,1
79082.56,Shopping,EXPENSE,3,768.95,11,1
61287.16,Entertainment,INCOME,10,965.72,13,1
9905.73,Travel,EXPENSE,14,374.12,14,0
58879.57,Entertainment,EXPENSE,11,997.7,15,1
41626.74,Food,EXPENSE,23,141.68,9,0
78437.79,Entertainment,INCOME,11,476.16,14,1
45272.1,Food,INCOME,1,810.19,3,1
34340.64,Food,EXPENSE,23,243.91,5,0
33132.42,Bills,INCOME,7,797.76,20,1
64065.86,Bills,INCOME,0,737.39,6,1
42983.81,Food,EXPENSE,6,278.34,2,0
79960.26,Entertainment,EXPENSE,11,325.98,14,1
67086.61,Bills,INCOME,19,388.64,12,1
34825.07,Other,INCOME,19,172.53,9,0
59037.33,Salary,EXPENSE,10,117.86,9,1
37361.94,Travel,INCOME,13,596.43,18,0
18616.08,Salary,EXPENSE,17,166.87,9,0
31492.27,Bills,EXPENSE,11,951.84,15,1
81530.83,Entertainment,INCOME,13,684.7,13,1
44412.98,Travel,EXPENSE,18,30.86,7,0
27521.55,Entertainment,INCOME,5,780.74,18,1
76603.66,Entertainment,EXPENSE,18,114.21,17,1
36717.83,Other,EXPENSE,23,441.37,6,0
10286.52,Other,EXPENSE,9,874.81,1,1
34890.27,Other,EXPENSE,14,865.29,3,1
23732.76,Other,INCOME,22,610.26,13,0
13966.53,Travel,EXPENSE,1,570.07,17,1
53899.92,Shopping,INCOME,9,572.74,16,1
67945.97,Food,EXPENSE,13,918.77,8,1
12732.47,Other,EXPENSE,7,146.24,10,0
76159.29,Salary,INCOME,15,142.17,20,1
41451.8,Bills,EXPENSE,20,794.6,2,1
74992.75,Salary,INCOME,14,950.25,10,1
86897.33,Other,EXPENSE,23,972.15,20,1
35854.36,Food,INCOME,6,968.13,6,1
32320.37,Shopping,INCOME,17,577.93,18,1
78840.95,Salary,EXPENSE,1,99.57,14,1
92946.82,Travel,INCOME,14,0.68,13,1
68874.76,Travel,INCOME,5,874.42,8,1
36075.52,Food,INCOME,21,903.8,5,1
62579.15,Salary,EXPENSE,13,655.49,3,1
47706.83,Travel,EXPENSE,16,679.98,0,1
34390.24,Food,INCOME,22,132.18,2,0
8978.64,Other,EXPENSE,3,313.35,9,1
77357.38,Other,EXPENSE,20,992.94,4,1
56350.96,Entertainment,EXPENSE,14,351.19,6,1
15179.84,Bills,INCOME,6,86.69,3,0
12359.56,Salary,INCOME,11,963.25,10,1
24816.25,Salary,EXPENSE,7,553.4,19,0
28527.83,Salary,EXPENSE,21,875.83,6,1
50976.78,Salary,INCOME,9,646.17,7,1
11318.73,Bills,EXPENSE,16,888.72,0,1
93395.74,Travel,INCOME,18,420.86,17,1
76284.46,Other,EXPENSE,0,587.36,0,1
4030.69,Food,INCOME,16,286.49,16,0
42386.34,Bills,EXPENSE,20,536.56,19,0
8405.53,Food,EXPENSE,4,536.39,12,1
76334.25,Salary,EXPENSE,9,698.68,7,1
8666.97,Bills,EXPENSE,14,612.3,1,0
74182.27,Salary,EXPENSE,3,12.66,4,1
16425.07,Shopping,INCOME,5,371.87,8,0
11849.77,Food,INCOME,13,271.98,2,0
97506.31,Salary,EXPENSE,15,455.2,11,1
85943.01,Travel,INCOME,5,255.12,3,1
67428.34,Food,EXPENSE,23,508.82,1,1
1278.19,Food,INCOME,11,382.98,4,0
96036.2,Food,INCOME,7,321.8,13,1
32027.52,Other,EXPENSE,18,372.81,16,0
5314.58,Travel,EXPENSE,12,68.93,14,0
77364.07,Shopping,INCOME,2,553.09,0,1
29194.93,Other,INCOME,23,622.72,14,0
97187.18,Other,EXPENSE,23,900.44,7,1
93243.13,Food,EXPENSE,17,346.42,0,1
196.13,Salary,INCOME,23,727.22,3,1
98312.42,Bills,INCOME,1,972.56,4,1
9348.01,Travel,INCOME,22,895.58,14,1
8536.0,Food,EXPENSE,20,819.96,2,1
6275.17,Salary,EXPENSE,7,291.68,10,0
39325.62,Other,INCOME,10,452.76,7,0
20311.13,Other,EXPENSE,4,105.66,14,1
40680.93,Entertainment,INCOME,6,451.92,14,0
12035.36,Travel,INCOME,22,696.88,1,0
85664.5,Travel,EXPENSE,22,248.22,11,1
4942.61,Shopping,INCOME,5,31.08,12,0
55617.58,Entertainment,EXPENSE,3,462.04,4,1
6213.83,Other,EXPENSE,4,198.13,12,1
63048.24,Salary,EXPENSE,18,586.12,2,1
6493.98,Salary,INCOME,4,91.98,10,1
94230.95,Food,EXPENSE,18,433.16,12,1
38303.81,Bills,EXPENSE,11,214.72,5,0
44628.84,Travel,EXPENSE,19,619.18,7,0
49914.22,Entertainment,INCOME,1,87.72,12,1
19985.81,Other,EXPENSE,20,994.09,17,1
98940.89,Other,INCOME,15,544.52,15,1
56586.83,Shopping,INCOME,8,179.82,10,1
2978.88,Other,INCOME,1,808.65,15,1
76695.87,Travel,EXPENSE,3,247.86,7,1
81637.7,Salary,EXPENSE,7,575.69,12,1
83930.26,Other,EXPENSE,5,236.55,10,1
69777.78,Entertainment,EXPENSE,22,700.56,18,1
56332.73,Travel,INCOME,17,309.05,15,1
5663.99,Entertainment,EXPENSE,0,526.45,0,1
61432.77,Other,EXPENSE,10,716.94,10,1
14813.82,Salary,EXPENSE,3,846.48,11,1
37390.4,Salary,INCOME,18,101.03,9,0
97587.27,Salary,INCOME,20,960.66,20,1
70732.93,Entertainment,INCOME,7,665.53,5,1
73412.8,Shopping,EXPENSE,5,728.83,18,1
99428.6,Entertainment,EXPENSE,5,602.39,19,1
56576.75,Bills,EXPENSE,10,745.34,7,1
31985.89,Salary,EXPENSE,22,670.02,10,0
26557.98,Travel,EXPENSE,11,256.66,3,0
4862.34,Bills,INCOME,5,884.55,15,1
35155.56,Bills,EXPENSE,15,788.73,18,1
68731.68,Travel,INCOME,2,799.19,1,1
31905.75,Food,EXPENSE,10,170.11,12,0
7546.49,Food,INCOME,19,985.28,15,1
43160.77,Salary,EXPENSE,19,889.75,5,1
33142.9,Travel,INCOME,22,554.11,17,0
28188.23,Travel,EXPENSE,1,392.9,17,1
15401.31,Shopping,EXPENSE,13,87.63,20,0
20007.5,Food,EXPENSE,5,638.19,2,0
11595.12,Other,INCOME,15,489.1,8,0
54435.4,Travel,INCOME,12,369.4,14,1
44002.06,Shopping,EXPENSE,8,564.25,4,1
66763.47,Food,INCOME,17,413.99,18,1
6145.33,Bills,INCOME,17,687.07,15,0
23602.42,Shopping,EXPENSE,12,902.78,1,1
90050.48,Other,EXPENSE,3,949.25,14,1
98437.58,Travel,EXPENSE,4,42.68,2,1
43567.55,Other,EXPENSE,19,257.89,2,0
55658.6,Entertainment,INCOME,8,519.69,0,1
62324.64,Entertainment,INCOME,3,414.44,4,1
58288.57,Food,EXPENSE,18,779.54,9,1
88019.57,Bills,INCOME,12,654.79,18,1
3794.69,Shopping,INCOME,4,618.24,12,1
88962.94,Shopping,EXPENSE,1,745.75,8,1
2072.28,Other,INCOME,9,280.35,15,0
68500.96,Other,EXPENSE,4,300.48,14,1
32120.79,Salary,INCOME,19,645.55,6,0
91347.61,Bills,INCOME,16,867.19,1,1
15939.3,Shopping,INCOME,4,780.52,16,1
2943.37,Travel,EXPENSE,1,249.49,14,1
36069.49,Travel,INCOME,11,823.51,16,1
92311.2,Salary,EXPENSE,7,372.47,19,1
96054.01,Bills,INCOME,11,163.51,8,1
68900.61,Shopping,EXPENSE,12,49.65,18,1
21471.14,Travel,EXPENSE,21,206.73,20,0
2054.23,Other,EXPENSE,15,911.52,20,1
80096.44,Travel,INCOME,19,805.09,9,1
70951.35,Shopping,INCOME,12,851.59,14,1
46696.47,Salary,INCOME,18,102.31,16,0
96650.22,Other,INCOME,17,647.34,19,1
68457.09,Bills,EXPENSE,10,988.36,20,1
27724.65,Salary,INCOME,6,149.93,7,0
80552.71,Other,INCOME,21,319.59,4,1
65557.29,Shopping,INCOME,13,404.6,1,1
99475.64,Other,EXPENSE,10,726.55,7,1
63849.44,Bills,INCOME,16,300.19,5,1
87655.65,Travel,INCOME,3,470.78,8,1
55925.21,Travel,INCOME,20,89.3,11,1
87149.65,Bills,INCOME,11,260.56,9,1
11822.26,Food,EXPENSE,15,889.43,16,1
68085.74,Entertainment,INCOME,13,54.06,4,1
20069.64,Bills,INCOME,4,316.38,5,1
48783.71,Salary,EXPENSE,10,634.5,0,1
20977.77,Other,EXPENSE,18,764.48,15,1
77986.26,Travel,INCOME,20,429.41,13,1
38362.48,Food,EXPENSE,23,373.1,0,1
75696.93,Entertainment,EXPENSE,0,676.75,20,1
22665.26,Shopping,INCOME,4,102.71,16,1
16743.67,Other,EXPENSE,9,948.46,14,1
59657.17,Shopping,INCOME,21,995.47,10,1
49043.36,Other,EXPENSE,5,948.08,12,1
22470.92,Travel,EXPENSE,23,21.91,16,0
36690.82,Salary,EXPENSE,12,876.54,8,1
62332.32,Entertainment,EXPENSE,21,108.11,0,1
11623.19,Bills,INCOME,3,547.28,15,1
20589.22,Salary,EXPENSE,9,420.87,3,0
27034.22,Entertainment,EXPENSE,13,830.65,3,1
61788.91,Shopping,EXPENSE,3,497.74,19,1
26336.24,Entertainment,EXPENSE,11,703.44,9,1
54836.47,Travel,INCOME,10,234.51,0,1
90692.66,Other,INCOME,4,949.45,16,1
72371.45,Shopping,EXPENSE,14,988.67,9,1
5055.52,Other,EXPENSE,1,852.25,11,1
31305.08,Salary,EXPENSE,3,851.25,1,1
13882.52,Salary,EXPENSE,10,357.53,14,0
26867.52,Salary,EXPENSE,11,814.96,5,1
40055.01,Bills,INCOME,12,689.9,15,0
64902.21,Other,EXPENSE,3,132.51,1,1
84442.77,Food,INCOME,18,482.67,18,1
18166.99,Bills,INCOME,19,28.82,4,0
48837.87,Bills,INCOME,1,63.34,20,1
70471.59,Salary,EXPENSE,21,873.14,16,1
70072.99,Food,INCOME,21,726.65,15,1
67645.74,Bills,EXPENSE,17,892.06,19,1
64357.7,Travel,INCOME,15,869.42,2,1
32097.35,Shopping,INCOME,1,506.93,17,1
40357.54,Travel,EXPENSE,14,444.19,18,0
85666.09,Bills,INCOME,3,980.67,20,1
40373.79,Food,EXPENSE,2,791.78,19,1
89016.58,Entertainment,EXPENSE,20,671.47,10,1
5474.81,Travel,INCOME,10,560.15,19,0
71679.97,Shopping,INCOME,3,97.44,7,1
35546.14,Salary,INCOME,17,521.99,3,0
16457.33,Travel,INCOME,3,254.29,6,1
93025.12,Bills,EXPENSE,14,824.55,6,1
10821.19,Bills,EXPENSE,20,837.47,18,1
89180.85,Bills,EXPENSE,15,4.34,1,1
43309.4,Entertainment,INCOME,16,781.08,5,1
17406.34,Other,EXPENSE,3,387.41,19,1
32218.28,Bills,INCOME,19,915.91,7,1
96361.17,Shopping,INCOME,4,138.18,19,1
74855.27,Shopping,INCOME,22,736.82,17,1
20128.86,Entertainment,INCOME,21,345.29,4,0
65026.13,Travel,INCOME,22,115.41,11,1
58301.49,Salary,INCOME,21,747.87,17,1
84737.74,Other,EXPENSE,16,106.47,12,1
67041.91,Travel,INCOME,5,983.53,8,1
6250.18,Other,INCOME,6,753.59,1,1
45286.82,Entertainment,EXPENSE,23,647.12,12,0
78441.5,Other,INCOME,22,664.49,12,1
95672.36,Salary,INCOME,17,53.8,8,1
86891.55,Other,INCOME,7,911.49,20,1
58859.11,Salary,EXPENSE,23,964.29,9,1
98346.16,Food,EXPENSE,5,735.08,3,1
42879.36,Entertainment,INCOME,4,160.93,8,1
46659.82,Travel,EXPENSE,4,928.63,19,1
93241.57,Entertainment,INCOME,15,789.91,17,1
78413.94,Shopping,EXPENSE,5,520.61,16,1
54330.86,Bills,EXPENSE,11,221.2,6,1
33140.1,Shopping,EXPENSE,19,530.5,17,1
98114.26,Food,EXPENSE,21,346.01,7,1
61389.42,Entertainment,EXPENSE,1,682.55,10,1
79630.85,Food,INCOME,8,540.24,9,1
51710.94,Other,INCOME,16,802.82,14,1
29678.58,Salary,EXPENSE,10,513.89,3,0
95629.81,Entertainment,EXPENSE,20,65.47,20,1
86501.84,Bills,EXPENSE,6,537.75,13,1
93978.12,Salary,EXPENSE,0,459.23,10,1
7371.14,Travel,INCOME,17,70.44,7,0
40792.9,Bills,INCOME,13,316.4,12,0
53506.7,Salary,EXPENSE,23,585.61,2,1
50308.55,Shopping,INCOME,19,86.51,14,1
82221.13,Food,INCOME,5,533.47,4,1
79687.21,Other,INCOME,20,144.08,20,1
94949.04,Entertainment,EXPENSE,3,41.77,18,1
53738.35,Food,INCOME,6,748.3,11,1
90567.52,Other,EXPENSE,5,183.99,19,1
19472.91,Travel,EXPENSE,17,461.27,17,0
67184.94,Shopping,EXPENSE,6,725.59,15,1
35745.98,Salary,EXPENSE,3,285.14,2,1
31812.7,Bills,INCOME,19,659.42,18,0
56707.85,Other,INCOME,13,168.64,10,1
22191.49,Salary,INCOME,8,840.11,4,1
33189.72,Bills,INCOME,14,358.74,9,0
10927.82,Salary,EXPENSE,8,858.71,4,1
19683.37,Salary,EXPENSE,23,75.4,0,0
63181.07,Other,INCOME,18,212.76,1,1
54369.76,Entertainment,INCOME,20,775.2,11,1
89149.18,Entertainment,INCOME,4,464.7,16,1
36418.36,Food,EXPENSE,19,684.16,16,0
15964.28,Entertainment,EXPENSE,23,732.0,11,1
76159.16,Travel,EXPENSE,8,369.44,1,1
51812.63,Other,INCOME,12,469.67,14,1
4038.47,Salary,INCOME,3,703.74,16,1
27385.86,Salary,INCOME,18,544.35,5,0
37882.93,Entertainment,EXPENSE,16,251.59,7,0
35322.16,Other,INCOME,15,792.66,19,1
88209.32,Bills,EXPENSE,7,77.09,20,1
15066.53,Travel,INCOME,19,717.3,3,1
41490.64,Shopping,EXPENSE,15,675.23,15,1
16166.56,Other,INCOME,0,243.67,4,1
16154.86,Salary,EXPENSE,18,146.87,5,0
18044.75,Bills,EXPENSE,23,727.97,9,1
21698.51,Entertainment,INCOME,15,170.57,13,0
79471.88,Other,EXPENSE,19,659.65,8,1
68574.84,Bills,EXPENSE,7,378.21,4,1
20274.74,Other,INCOME,4,605.51,5,1
61494.08,Food,EXPENSE,2,482.24,4,1
53951.63,Food,INCOME,16,420.68,1,1
42924.18,Other,INCOME,12,350.52,18,0
13431.62,Bills,EXPENSE,2,283.27,17,1
18942.65,Salary,EXPENSE,18,522.54,16,1
65471.88,Salary,INCOME,13,362.27,4,1
58557.75,Shopping,INCOME,18,365.64,8,1
39775.54,Travel,INCOME,17,783.79,15,1
55931.43,Bills,INCOME,9,577.65,12,1
85507.14,Salary,EXPENSE,23,229.77,5,1
50858.94,Other,INCOME,17,614.03,1,1
96458.8,Food,EXPENSE,4,471.67,19,1
6454.84,Travel,INCOME,2,609.03,12,1
40094.45,Salary,INCOME,22,963.53,1,1
82031.86,Salary,INCOME,14,10.71,16,1
3409.25,Entertainment,EXPENSE,19,169.48,1,0
65519.16,Travel,EXPENSE,8,779.67,11,1
40574.82,Travel,EXPENSE,23,703.62,2,1
72627.56,Entertainment,INCOME,11,963.29,8,1
96307.56,Bills,INCOME,18,4.65,5,1
10691.17,Food,INCOME,10,947.02,16,1
87617.5,Other,INCOME,22,442.77,12,1
77008.22,Other,INCOME,14,681.59,18,1
48222.92,Shopping,EXPENSE,12,633.66,7,1
23031.52,Shopping,INCOME,11,516.5,0,1
26371.8,Shopping,EXPENSE,12,673.7,10,0
93143.05,Bills,INCOME,11,218.57,18,1
94714.46,Salary,EXPENSE,15,737.11,7,1
87280.61,Travel,EXPENSE,6,834.94,19,1
77904.9,Food,EXPENSE,21,955.78,15,1
76436.21,Entertainment,EXPENSE,15,371.2,10,1
98536.86,Entertainment,INCOME,15,182.87,16,1
22248.17,Entertainment,EXPENSE,1,525.74,13,1
54099.76,Entertainment,INCOME,12,860.4,5,1
12080.8,Entertainment,INCOME,10,689.21,0,0
37973.83,Food,INCOME,11,612.78,8,0
26321.76,Shopping,INCOME,19,343.1,5,0
21092.72,Salary,INCOME,11,854.33,8,1
57162.4,Entertainment,EXPENSE,3,720.82,7,1
85638.06,Travel,EXPENSE,23,149.55,0,1
49984.8,Other,INCOME,15,300.03,17,0
4818.54,Food,EXPENSE,1,215.47,8,1
63004.73,Bills,INCOME,8,360.96,17,1
81011.09,Shopping,EXPENSE,13,121.24,19,1
57610.65,Salary,EXPENSE,9,355.11,16,1
73665.79,Food,INCOME,19,286.52,20,1
86832.35,Salary,INCOME,13,631.27,18,1
90711.95,Food,EXPENSE,10,228.22,10,1
71057.83,Entertainment,INCOME,8,887.69,11,1
52117.52,Bills,INCOME,5,183.89,0,1
23500.99,Shopping,EXPENSE,6,166.91,3,0
93682.53,Bills,EXPENSE,0,770.93,16,1
8370.96,Shopping,EXPENSE,2,654.83,12,1
24777.28,Shopping,INCOME,20,126.41,16,0
2905.7,Salary,INCOME,10,864.24,14,1
54081.39,Shopping,INCOME,4,969.54,17,1
59778.54,Salary,INCOME,16,639.79,17,1
34749.47,Entertainment,EXPENSE,2,441.86,11,1
15613.97,Food,EXPENSE,16,815.38,4,1
46946.34,Food,INCOME,15,299.61,13,0
59720.53,Other,EXPENSE,17,373.64,13,1
43738.78,Travel,EXPENSE,22,737.12,12,1
22098.21,Food,INCOME,20,239.56,19,0
68479.8,Shopping,INCOME,13,188.0,2,1
28995.05,Salary,INCOME,19,452.77,19,0
32098.34,Travel,EXPENSE,17,22.13,3,0
12547.67,Bills,EXPENSE,7,90.2,0,0
34224.19,Shopping,INCOME,11,463.68,1,1
84362.45,Travel,EXPENSE,8,775.65,2,1
18201.29,Other,INCOME,12,828.25,3,1
71482.52,Bills,INCOME,7,737.62,1,1
73545.51,Food,EXPENSE,15,389.12,9,1
15903.21,Salary,EXPENSE,23,937.42,16,1
48148.9,Shopping,EXPENSE,11,887.52,6,1
23634.79,Bills,INCOME,0,167.36,8,1
39611.04,Travel,EXPENSE,1,581.08,15,1
15541.44,Other,EXPENSE,7,157.7,2,0
33875.29,Other,EXPENSE,1,355.52,4,1
79157.05,Travel,INCOME,7,316.74,17,1
75681.92,Other,INCOME,23,192.97,12,1
13516.48,Food,INCOME,22,437.5,9,0
49034.69,Entertainment,EXPENSE,17,347.66,14,0
83143.39,Other,EXPENSE,2,531.14,14,1
26371.76,Shopping,INCOME,0,775.92,16,1
18594.15,Food,INCOME,19,238.79,2,0
53918.7,Bills,EXPENSE,16,683.22,17,1
28348.75,Bills,INCOME,3,96.26,2,1
93783.06,Travel,EXPENSE,6,107.06,6,1
57122.67,Other,INCOME,21,489.91,19,1
25631.06,Shopping,EXPENSE,19,717.85,0,1
20913.37,Bills,EXPENSE,14,801.02,1,1
74360.57,Bills,INCOME,22,58.3,19,1
4113.28,Food,INCOME,2,944.6,16,1
72530.93,Entertainment,INCOME,6,193.12,7,1
94752.96,Entertainment,INCOME,23,105.51,20,1
67465.53,Salary,INCOME,3,166.81,5,1
50494.04,Salary,EXPENSE,17,998.43,14,1
90253.37,Entertainment,INCOME,11,412.34,20,1
72600.47,Entertainment,EXPENSE,18,545.63,12,1
92618.38,Shopping,INCOME,14,447.5,12,1
3514.56,Shopping,EXPENSE,16,135.09,9,1
98440.22,Travel,INCOME,0,771.52,8,1
51151.59,Entertainment,EXPENSE,3,37.74,11,1
26535.57,Entertainment,EXPENSE,7,256.24,9,0
40009.83,Travel,EXPENSE,23,324.69,15,0
82579.24,Salary,EXPENSE,19,642.25,1,1
57649.56,Food,EXPENSE,10,347.93,13,1
86789.72,Other,EXPENSE,23,652.78,19,1
63407.02,Salary,INCOME,1,304.78,1,1
56513.04,Shopping,EXPENSE,4,50.52,12,1
75296.38,Entertainment,EXPENSE,7,431.94,12,1
33650.01,Bills,EXPENSE,17,399.19,2,0
43477.39,Salary,EXPENSE,4,480.92,6,1
65242.23,Travel,EXPENSE,7,71.64,13,1
92417.6,Food,EXPENSE,21,413.58,11,1
32107.8,Entertainment,EXPENSE,9,169.26,11,0
99016.41,Bills,EXPENSE,14,44.88,7,1
37413.39,Other,EXPENSE,3,739.58,7,1
92676.63,Other,INCOME,0,343.27,3,1
47145.47,Shopping,EXPENSE,23,538.01,6,1
75048.0,Entertainment,INCOME,19,729.92,4,1
66842.65,Bills,EXPENSE,8,170.32,9,1
69667.84,Shopping,EXPENSE,14,654.76,0,1
66054.26,Salary,INCOME,3,19.08,20,1
97980.3,Entertainment,EXPENSE,10,484.66,19,1
18682.42,Entertainment,INCOME,17,926.35,0,1
92230.9,Shopping,INCOME,15,393.4,5,1
68446.92,Shopping,INCOME,7,995.99,16,1
6247.87,Shopping,INCOME,0,944.14,8,1
34211.53,Bills,EXPENSE,2,729.89,16,1
61264.22,Salary,EXPENSE,13,240.36,4,1
31272.66,Entertainment,INCOME,14,542.23,6,0
58124.02,Salary,EXPENSE,4,309.0,16,1
43034.93,Other,EXPENSE,20,933.03,5,1
55756.16,Salary,EXPENSE,5,317.6,4,1
76555.23,Bills,INCOME,9,443.0,20,1
27415.93,Other,EXPENSE,3,131.55,0,1
61217.56,Shopping,EXPENSE,19,232.18,0,1
68829.72,Bills,EXPENSE,16,846.14,15,1
37427.24,Other,INCOME,15,473.85,5,0
3271.34,Other,EXPENSE,8,950.2,7,1
98824.93,Other,EXPENSE,2,177.08,14,1
49019.79,Shopping,INCOME,7,427.56,1,1
82441.64,Salary,INCOME,12,611.5,18,1
52546.79,Salary,EXPENSE,16,109.32,14,1
4289.47,Travel,INCOME,23,39.25,12,0
63083.32,Food,EXPENSE,9,439.55,9,1
28627.16,Travel,INCOME,9,613.13,1,0
90372.38,Bills,INCOME,2,722.65,3,1
58565.5,Salary,EXPENSE,12,413.56,14,1
45395.39,Salary,EXPENSE,14,90.18,10,0
90720.89,Other,EXPENSE,22,733.26,2,1
44967.37,Shopping,EXPENSE,16,707.28,16,1
16031.97,Entertainment,INCOME,1,768.26,10,1
65970.06,Travel,EXPENSE,4,178.87,1,1
30986.35,Other,INCOME,9,626.45,3,0
96045.37,Food,INCOME,0,458.64,15,1
624.77,Bills,EXPENSE,6,588.86,15,0
44215.44,Entertainment,EXPENSE,7,882.17,8,1
55776.99,Other,EXPENSE,1,184.84,1,1
3720.27,Other,EXPENSE,21,578.09,19,0
92042.45,Food,EXPENSE,13,993.74,5,1
61128.42,Salary,EXPENSE,14,749.33,11,1
9357.97,Shopping,INCOME,11,897.53,2,1
84338.8,Food,INCOME,15,134.55,8,1
41405.1,Travel,EXPENSE,19,58.18,18,0
62916.41,Food,INCOME,23,688.65,9,1
84787.41,Shopping,INCOME,4,614.29,15,1
63204.17,Bills,EXPENSE,19,232.72,9,1
208.01,Food,INCOME,20,796.73,6,1
99898.75,Bills,EXPENSE,10,349.65,20,1
64079.8,Salary,INCOME,8,790.2,9,1
55021.86,Other,EXPENSE,3,685.84,10,1
56913.71,Food,EXPENSE,6,330.51,10,1
47936.87,Bills,EXPENSE,20,135.75,4,0
89211.23,Entertainment,INCOME,14,783.99,13,1
5649.43,Entertainment,INCOME,18,724.96,10,1
1920.91,Entertainment,INCOME,11,66.21,4,0
3165.76,Bills,EXPENSE,18,605.69,5,0
86466.14,Other,INCOME,22,857.82,1,1
8725.44,Travel,INCOME,14,829.46,9,1
30266.71,Food,INCOME,1,777.79,2,1
2542.23,Bills,EXPENSE,6,340.12,15,0
52386.61,Other,INCOME,4,769.48,3,1
93805.48,Salary,EXPENSE,6,724.57,14,1
86487.78,Food,EXPENSE,9,932.34,19,1
33362.31,Food,EXPENSE,16,766.18,9,1
75861.46,Salary,EXPENSE,10,200.56,9,1
31949.02,Bills,EXPENSE,8,149.32,8,0
95831.89,Entertainment,EXPENSE,6,542.53,17,1
14198.61,Salary,INCOME,18,244.83,2,0
89229.7,Entertainment,INCOME,1,130.07,15,1
5093.08,Bills,EXPENSE,2,426.47,5,1
89133.03,Salary,INCOME,19,355.62,10,1
71304.22,Salary,EXPENSE,14,567.79,2,1
91972.92,Bills,EXPENSE,14,310.39,20,1
46566.39,Travel,EXPENSE,4,861.1,19,1
36376.76,Travel,INCOME,10,453.28,0,1
11333.06,Bills,INCOME,5,282.26,11,0
12783.03,Food,INCOME,22,796.76,10,1
7138.85,Shopping,INCOME,12,590.54,7,0
54817.5,Bills,INCOME,2,340.71,18,1
98021.51,Entertainment,INCOME,17,694.13,5,1
7835.55,Salary,INCOME,3,592.16,14,1
9810.51,Bills,EXPENSE,9,955.88,2,1
68566.59,Entertainment,INCOME,10,494.3,1,1
81712.51,Entertainment,EXPENSE,4,660.88,14,1
39028.77,Entertainment,INCOME,6,205.66,10,0
79444.95,Salary,INCOME,13,717.79,11,1
58293.56,Entertainment,INCOME,4,852.51,1,1
54911.07,Food,EXPENSE,22,560.03,11,1
28256.81,Food,EXPENSE,13,702.22,12,1
71191.78,Bills,INCOME,13,545.12,5,1
18863.27,Bills,INCOME,13,154.27,4,0
7221.01,Food,EXPENSE,23,884.89,13,1
13620.79,Travel,INCOME,14,893.58,19,1
62343.69,Bills,INCOME,17,820.07,12,1
18619.81,Entertainment,EXPENSE,18,498.16,7,0
26961.58,Entertainment,INCOME,1,978.23,18,1
36889.43,Entertainment,INCOME,22,80.06,16,0
98367.65,Other,INCOME,14,516.95,16,1
8890.21,Bills,EXPENSE,21,633.69,18,0
5324.79,Shopping,EXPENSE,15,454.03,15,0
33184.82,Shopping,INCOME,9,167.51,19,1
72710.82,Entertainment,INCOME,1,629.3,18,1
5209.41,Shopping,EXPENSE,9,484.76,4,0
85151.95,Shopping,INCOME,4,615.8,8,1
1469.59,Food,EXPENSE,18,738.97,14,1
17581.17,Other,EXPENSE,15,180.81,16,0
34317.66,Food,EXPENSE,19,933.94,4,1
75288.49,Bills,INCOME,7,660.67,20,1
57796.85,Other,INCOME,1,642.26,3,1
46428.29,Bills,INCOME,15,746.15,17,1
68366.82,Bills,INCOME,8,145.15,13,1
92725.89,Bills,INCOME,21,315.69,16,1
4149.71,Entertainment,INCOME,13,610.49,20,0
33529.99,Shopping,EXPENSE,8,654.34,12,1
67545.35,Travel,EXPENSE,16,337.41,5,1
1107.27,Food,EXPENSE,0,411.25,16,1
44621.92,Travel,INCOME,8,193.08,0,1
5735.35,Entertainment,EXPENSE,19,638.08,3,0
60488.34,Bills,EXPENSE,3,695.65,8,1
66064.76,Food,INCOME,8,769.36,10,1
78084.09,Shopping,EXPENSE,12,388.59,1,1
81289.45,Travel,INCOME,2,491.72,6,1
17885.29,Bills,EXPENSE,4,540.63,13,1
64351.65,Bills,INCOME,3,34.86,2,1
25097.11,Bills,EXPENSE,15,148.85,20,1
3831.67,Bills,INCOME,4,700.06,12,1
51562.53,Other,INCOME,15,436.06,2,1
380.57,Salary,INCOME,3,567.24,11,1
30317.67,Food,EXPENSE,11,534.63,10,0
45990.95,Other,INCOME,20,203.12,17,0
38447.16,Travel,INCOME,22,390.1,3,0
35958.15,Food,INCOME,23,189.46,1,0
71987.92,Entertainment,EXPENSE,15,388.77,17,1
49993.43,Other,INCOME,0,37.04,1,1
72115.15,Bills,EXPENSE,6,807.1,16,1
67823.88,Other,EXPENSE,23,579.35,2,1
14201.97,Salary,EXPENSE,15,907.18,19,1
70144.62,Travel,EXPENSE,5,632.66,9,1
9774.36,Entertainment,EXPENSE,18,63.96,3,0
59517.99,Entertainment,EXPENSE,2,804.45,13,1
83597.8,Salary,INCOME,10,120.8,18,1
32192.91,Other,EXPENSE,1,593.09,10,1
27425.64,Other,INCOME,5,696.3,17,0
24402.28,Entertainment,EXPENSE,4,99.97,20,1
77777.28,Food,INCOME,2,6.35,5,1
70688.79,Entertainment,INCOME,13,693.5,15,1
20655.71,Salary,INCOME,16,450.42,7,0
61073.27,Food,EXPENSE,22,499.89,2,1
78269.17,Shopping,INCOME,0,557.71,6,1
53043.39,Food,INCOME,17,507.54,14,1
65949.75,Shopping,EXPENSE,6,112.68,4,1
96858.96,Bills,INCOME,5,159.76,1,1
36451.1,Travel,INCOME,8,334.29,14,0
74054.67,Entertainment,EXPENSE,5,785.49,15,1
7132.41,Travel,INCOME,18,579.76,13,0
67701.41,Shopping,EXPENSE,3,326.13,3,1
41288.92,Travel,INCOME,7,73.53,18,0
89054.36,Travel,EXPENSE,19,454.99,12,1
45801.13,Travel,INCOME,8,202.21,4,0
56888.15,Shopping,EXPENSE,3,851.65,14,1
76045.94,Travel,INCOME,19,156.79,20,1
90562.53,Entertainment,EXPENSE,2,411.7,16,1
99566.65,Entertainment,INCOME,14,279.17,13,1
24703.08,Shopping,INCOME,18,222.41,18,0
91379.78,Food,INCOME,1,40.06,15,1
50446.42,Bills,INCOME,15,809.72,3,1
24089.12,Entertainment,EXPENSE,22,731.79,6,1
29614.25,Salary,EXPENSE,0,479.78,9,1
45955.32,Entertainment,EXPENSE,14,463.76,4,0
40565.77,Other,INCOME,20,464.3,20,1
62749.14,Bills,INCOME,16,32.71,13,1
69820.6,Entertainment,EXPENSE,21,80.96,10,1
5528.43,Salary,INCOME,1,110.97,11,1
4135.39,Shopping,EXPENSE,20,558.79,2,0
77368.87,Travel,INCOME,7,539.63,20,1
93917.84,Entertainment,EXPENSE,23,760.89,10,1
26772.42,Salary,INCOME,8,54.46,11,0
48648.38,Entertainment,EXPENSE,15,709.83,17,1
45225.24,Shopping,EXPENSE,6,891.9,14,1
39098.72,Travel,INCOME,2,109.36,8,1
14838.01,Travel,EXPENSE,16,952.1,0,1
96958.98,Entertainment,EXPENSE,15,346.7,14,1
2197.16,Travel,EXPENSE,0,871.79,7,1
51986.07,Shopping,INCOME,18,342.79,20,1
48640.53,Salary,INCOME,14,304.08,4,0
30684.18,Other,INCOME,7,484.24,9,0
4779.53,Shopping,INCOME,14,956.21,19,1
71195.63,Shopping,EXPENSE,5,839.33,4,1
11735.89,Shopping,EXPENSE,14,260.41,5,0
70728.08,Salary,INCOME,11,147.94,14,1
16301.63,Shopping,EXPENSE,0,404.56,15,1
94781.52,Shopping,EXPENSE,0,970.15,17,1
33161.5,Salary,INCOME,15,895.98,18,1
79967.64,Salary,INCOME,10,689.15,15,1
13985.36,Entertainment,EXPENSE,9,24.8,19,0
44624.97,Food,INCOME,1,608.15,6,1
22253.28,Other,INCOME,6,22.55,17,0
67722.49,Food,INCOME,6,490.47,19,1
94343.05,Salary,INCOME,12,147.95,13,1
37314.47,Shopping,INCOME,11,308.09,14,1
8805.48,Salary,INCOME,23,992.6,14,1
80576.99,Bills,INCOME,4,835.51,19,1
20817.99,Bills,INCOME,2,933.15,18,1
8890.41,Bills,INCOME,13,174.89,14,0
75536.61,Travel,EXPENSE,5,832.28,9,1
4271.18,Other,INCOME,18,303.91,17,0
22490.8,Other,EXPENSE,4,262.68,20,1
47280.49,Salary,INCOME,13,179.37,20,0
11979.5,Shopping,INCOME,2,598.89,11,1
56579.18,Other,INCOME,20,685.91,3,1
73309.08,Food,INCOME,5,581.65,4,1
87837.81,Travel,INCOME,5,52.89,11,1
91214.86,Shopping,EXPENSE,9,291.66,20,1
51410.96,Other,EXPENSE,3,598.76,5,1
87250.69,Other,INCOME,8,685.44,11,1
58025.66,Other,EXPENSE,0,136.95,9,1
48515.66,Shopping,EXPENSE,3,217.88,16,1
18882.26,Entertainment,EXPENSE,13,460.49,2,0
13166.65,Food,INCOME,11,311.57,11,0
44221.69,Entertainment,INCOME,5,709.89,0,1
11903.76,Travel,EXPENSE,22,226.57,4,0
98111.9,Bills,EXPENSE,2,18.81,15,1
4299.57,Food,EXPENSE,21,513.48,1,0
90857.5,Food,EXPENSE,9,667.59,3,1
92013.8,Travel,EXPENSE,5,670.6,0,1
84593.86,Shopping,INCOME,11,160.56,16,1
61315.0,Entertainment,EXPENSE,3,819.59,0,1
71595.37,Shopping,EXPENSE,17,4.33,3,1
92051.69,Other,INCOME,11,698.13,5,1
95776.89,Travel,INCOME,12,424.09,16,1
11328.91,Shopping,EXPENSE,14,110.32,4,0
36156.98,Shopping,EXPENSE,2,328.12,3,1
45721.73,Salary,INCOME,21,976.18,14,1
40757.86,Other,INCOME,6,856.77,15,1
36775.77,Food,INCOME,21,105.17,14,0
67668.04,Food,EXPENSE,12,400.62,18,1
74156.14,Travel,EXPENSE,11,975.21,10,1
84410.75,Bills,EXPENSE,7,838.11,15,1
71363.71,Entertainment,INCOME,20,943.23,11,1
60336.38,Bills,INCOME,16,278.89,14,1
25106.45,Bills,EXPENSE,20,942.4,0,1
5332.6,Food,INCOME,21,26.75,5,0
67936.48,Travel,INCOME,19,623.23,2,1
52018.89,Bills,INCOME,6,293.56,15,1
26203.44,Shopping,EXPENSE,1,990.71,3,1
31490.19,Bills,INCOME,14,35.98,5,0
86043.05,Shopping,EXPENSE,15,430.68,9,1
48771.12,Food,INCOME,21,553.78,17,0
47617.31,Other,EXPENSE,16,55.74,8,0
97088.53,Entertainment,INCOME,9,320.48,0,1
12863.4,Shopping,INCOME,23,583.97,20,0
9780.14,Shopping,INCOME,13,351.27,7,0
64825.88,Entertainment,EXPENSE,22,65.5,9,1
17019.44,Entertainment,INCOME,1,460.91,13,1
90145.91,Shopping,EXPENSE,22,469.7,0,1
37804.87,Bills,INCOME,18,97.73,15,0
67527.37,Shopping,INCOME,16,811.46,10,1
29987.11,Bills,EXPENSE,15,635.44,2,0
53606.61,Shopping,INCOME,1,297.32,18,1
22627.3,Salary,EXPENSE,22,844.19,3,1
27372.82,Entertainment,INCOME,13,209.74,2,0
30219.61,Other,INCOME,13,663.46,10,0
40259.98,Entertainment,INCOME,21,763.44,5,1
62803.0,Entertainment,EXPENSE,18,499.2,14,1
63810.74,Other,INCOME,18,726.62,1,1
36459.25,Travel,EXPENSE,4,746.43,9,1
41055.51,Other,EXPENSE,20,203.56,13,0
28740.11,Travel,INCOME,21,601.23,12,0
15038.73,Food,EXPENSE,9,464.16,17,0
42230.81,Food,EXPENSE,5,272.71,0,1
80363.64,Salary,EXPENSE,20,852.52,15,1
5579.96,Food,INCOME,19,297.98,2,0
40730.33,Shopping,EXPENSE,12,943.16,4,1
57118.79,Entertainment,EXPENSE,16,664.22,18,1
93158.98,Shopping,INCOME,2,238.08,3,1
31375.36,Other,INCOME,23,743.96,13,1
10726.06,Travel,INCOME,14,408.38,18,0
53370.32,Salary,EXPENSE,10,545.75,15,1
96333.37,Other,EXPENSE,11,475.22,11,1
2156.37,Entertainment,EXPENSE,23,662.22,1,0
78890.83,Travel,INCOME,17,384.69,20,1
36317.37,Other,EXPENSE,17,866.95,14,1
90983.42,Bills,INCOME,9,90.25,7,1
85948.7,Travel,INCOME,20,317.18,20,1
3436.47,Other,EXPENSE,15,471.09,13,0
33305.59,Bills,EXPENSE,5,698.48,16,0
42116.01,Salary,INCOME,14,695.21,1,0
18414.78,Bills,EXPENSE,0,400.66,20,1
57602.14,Food,EXPENSE,7,516.37,20,1
84703.69,Salary,INCOME,10,451.49,4,1
68762.31,Other,INCOME,9,198.66,13,1
39379.74,Bills,EXPENSE,0,948.11,17,1
62681.4,Food,INCOME,6,261.78,5,1
61819.5,Entertainment,INCOME,4,89.06,11,1
56745.93,Food,INCOME,14,827.26,15,1
71370.69,Travel,INCOME,9,746.44,12,1
85640.96,Entertainment,EXPENSE,9,726.71,6,1
40881.98,Travel,EXPENSE,9,976.13,7,1
90737.46,Shopping,INCOME,2,10.32,4,1
97441.2,Bills,EXPENSE,22,383.5,13,1
25659.75,Food,EXPENSE,1,332.86,7,1
35462.45,Entertainment,EXPENSE,0,253.66,19,1
97753.51,Salary,INCOME,4,968.06,17,1
17978.25,Travel,INCOME,10,877.9,4,1
71040.04,Bills,EXPENSE,8,116.84,1,1
49946.1,Other,INCOME,23,360.59,13,0
87699.79,Entertainment,INCOME,16,313.01,5,1
99456.78,Other,EXPENSE,17,853.03,20,1
5369.56,Travel,EXPENSE,7,183.14,15,0
70610.99,Bills,EXPENSE,15,40.79,11,1
56107.41,Bills,INCOME,3,845.84,4,1
9403.11,Other,INCOME,5,834.95,16,1
56346.58,Salary,EXPENSE,18,998.0,0,1
57100.24,Bills,EXPENSE,7,768.25,3,1
2644.92,Salary,EXPENSE,12,373.56,3,0
15419.86,Food,INCOME,22,659.54,14,0
26968.38,Salary,EXPENSE,10,969.77,20,1
45337.54,Salary,EXPENSE,6,863.28,20,1
79824.79,Salary,EXPENSE,17,951.9,12,1
25553.63,Travel,INCOME,2,20.51,6,1
77960.28,Shopping,EXPENSE,3,298.55,13,1
92173.9,Salary,EXPENSE,11,665.52,11,1
48987.82,Bills,INCOME,8,563.06,13,0
42282.51,Shopping,EXPENSE,13,630.69,2,1
34207.4,Bills,EXPENSE,20,686.24,4,0
52751.51,Salary,EXPENSE,9,468.22,2,1
47787.26,Travel,EXPENSE,21,902.9,7,1
29583.39,Food,EXPENSE,1,513.41,16,1
9493.71,Salary,INCOME,11,254.86,2,0
1676.06,Salary,INCOME,5,786.18,12,1
41654.34,Salary,INCOME,10,587.21,14,0
45022.29,Other,INCOME,10,966.72,5,1
7868.14,Entertainment,INCOME,21,106.33,17,1
39523.64,Food,EXPENSE,20,477.12,12,0
96582.09,Entertainment,INCOME,9,618.5,19,1
67396.62,Salary,INCOME,9,87.64,4,1
11235.65,Food,EXPENSE,0,209.23,20,1
24215.93,Other,EXPENSE,2,300.92,14,1
42216.83,Food,EXPENSE,4,738.78,14,1
47175.35,Other,INCOME,18,242.63,9,0
83392.16,Food,INCOME,0,102.66,13,1
84869.2,Salary,INCOME,1,487.5,15,1
72475.19,Salary,INCOME,7,714.29,16,1
57661.52,Entertainment,EXPENSE,8,892.88,13,1
11738.23,Entertainment,INCOME,14,697.51,0,0
72634.6,Bills,INCOME,14,232.1,7,1
68513.16,Entertainment,INCOME,4,883.17,12,1
83316.42,Salary,INCOME,15,799.76,5,1
28281.6,Salary,EXPENSE,21,482.89,5,0
60594.61,Food,INCOME,15,303.65,6,1
99926.16,Shopping,INCOME,11,676.93,5,1
89451.02,Food,EXPENSE,10,430.62,19,1
56220.05,Bills,INCOME,10,784.89,1,1
55724.38,Travel,EXPENSE,22,50.42,14,1
96266.58,Other,EXPENSE,3,781.65,19,1
94740.98,Other,EXPENSE,16,105.41,20,1
20578.35,Shopping,EXPENSE,23,292.12,14,0
49864.18,Other,EXPENSE,4,647.09,10,1
12342.2,Travel,INCOME,13,769.22,0,1
80924.06,Shopping,INCOME,16,171.26,8,1
75496.78,Shopping,EXPENSE,4,753.21,16,1
22856.79,Other,INCOME,13,918.02,14,1
51639.72,Salary,INCOME,0,442.58,0,1
51759.0,Food,EXPENSE,10,314.8,5,1
39356.96,Food,EXPENSE,18,57.81,20,0
79917.12,Entertainment,INCOME,13,402.0,17,1
72169.03,Shopping,INCOME,0,827.0,16,1
14728.84,Bills,INCOME,20,205.13,17,0
61837.84,Bills,INCOME,20,404.51,6,1
8473.88,Entertainment,INCOME,12,725.1,4,1
54101.98,Travel,EXPENSE,16,551.79,16,1
63586.77,Food,EXPENSE,17,592.5,7,1
30429.01,Bills,EXPENSE,23,59.95,11,0
50774.56,Food,EXPENSE,20,941.34,14,1
73699.03,Bills,INCOME,7,805.39,18,1
89439.17,Salary,EXPENSE,11,299.2,18,1
71449.38,Entertainment,EXPENSE,3,327.85,18,1
77866.02,Bills,EXPENSE,4,711.64,13,1
6266.26,Travel,INCOME,6,446.16,11,0
40305.23,Entertainment,INCOME,8,584.3,20,0
44035.99,Bills,INCOME,5,144.35,4,0
45798.39,Salary,EXPENSE,22,212.64,15,0
15726.13,Entertainment,INCOME,3,601.6,13,1
36990.12,Shopping,EXPENSE,16,153.3,11,1
37477.25,Shopping,INCOME,0,791.2,4,1
42204.61,Shopping,INCOME,6,183.08,15,1
54776.35,Food,EXPENSE,13,481.18,9,1
90033.71,Other,INCOME,15,834.46,19,1
13895.3,Salary,INCOME,14,667.22,4,0
32555.37,Other,INCOME,12,232.82,12,0
4629.68,Salary,INCOME,23,277.38,2,0
70735.5,Entertainment,INCOME,17,645.16,20,1
19283.05,Entertainment,EXPENSE,18,521.75,15,0
1915.47,Salary,EXPENSE,0,274.96,6,1
70576.49,Entertainment,INCOME,2,806.92,19,1
58909.86,Bills,EXPENSE,10,437.02,13,1
52813.78,Bills,INCOME,2,114.64,3,1
28570.9,Travel,INCOME,2,154.23,13,1
5938.43,Shopping,EXPENSE,0,713.3,9,1
32038.14,Bills,INCOME,8,375.51,3,0
24000.32,Entertainment,EXPENSE,15,508.62,16,0
11552.38,Food,INCOME,14,553.12,2,0
40779.0,Travel,EXPENSE,8,554.08,18,0
24669.29,Entertainment,EXPENSE,9,568.25,14,0
63598.11,Travel,EXPENSE,11,540.44,5,1
53776.69,Bills,INCOME,1,1.0,14,1
62091.96,Salary,EXPENSE,0,60.18,15,1
25126.35,Salary,INCOME,11,842.44,6,1
51057.33,Food,EXPENSE,23,534.09,2,1
39560.72,Food,EXPENSE,23,556.48,8,0
21124.48,Entertainment,INCOME,21,945.41,20,1
75281.77,Bills,INCOME,7,662.28,10,1
46006.94,Entertainment,INCOME,0,914.02,4,1
254.65,Bills,EXPENSE,0,672.71,13,1
69664.17,Bills,INCOME,17,81.15,20,1
53888.0,Other,INCOME,21,123.42,12,1
35828.68,Travel,EXPENSE,3,462.69,6,1
22191.0,Food,INCOME,21,921.4,11,1
81637.27,Salary,INCOME,22,221.15,15,1
3727.76,Bills,EXPENSE,0,196.09,20,1
86998.13,Entertainment,INCOME,5,551.79,18,1
60317.11,Travel,EXPENSE,18,128.25,2,1
93359.66,Other,EXPENSE,16,728.9,8,1
67813.97,Salary,INCOME,21,560.12,14,1
42740.09,Salary,EXPENSE,10,432.55,13,0
68033.34,Bills,INCOME,11,517.26,1,1
22493.59,Shopping,INCOME,17,448.86,0,1
33503.85,Entertainment,EXPENSE,23,225.63,13,0
91703.67,Travel,EXPENSE,10,310.81,20,1
2835.88,Bills,EXPENSE,18,797.22,10,1
24753.0,Bills,EXPENSE,10,832.52,10,1
23712.53,Food,INCOME,3,625.35,18,1
97453.83,Food,INCOME,10,890.08,2,1
6247.12,Other,INCOME,1,301.47,20,1
10227.67,Food,EXPENSE,9,849.93,12,1
75208.74,Travel,EXPENSE,14,383.92,13,1
61942.09,Shopping,EXPENSE,14,517.21,18,1
10313.83,Entertainment,EXPENSE,18,789.42,6,1
12641.86,Entertainment,INCOME,11,421.01,19,0
24353.09,Other,EXPENSE,1,127.68,18,1
95976.15,Other,INCOME,9,583.67,17,1
14783.54,Shopping,INCOME,9,368.83,0,0
65784.8,Travel,EXPENSE,7,507.11,17,1
42235.01,Travel,EXPENSE,20,908.5,2,1
66802.62,Salary,INCOME,19,692.41,18,1
33599.27,Shopping,INCOME,10,162.28,14,1
91058.78,Bills,EXPENSE,0,638.77,7,1
21353.19,Bills,INCOME,23,375.91,12,0
98988.31,Shopping,EXPENSE,2,357.89,17,1
29093.09,Travel,INCOME,1,975.31,6,1
17455.95,Shopping,EXPENSE,10,847.53,7,1
2198.13,Other,INCOME,3,20.99,4,1
78752.04,Food,INCOME,6,305.07,7,1
37266.41,Travel,INCOME,22,65.38,4,0
13122.93,Travel,EXPENSE,17,378.2,11,0
42982.54,Salary,EXPENSE,1,763.08,18,1
53570.06,Other,EXPENSE,10,247.17,20,1
87291.51,Other,INCOME,6,727.3,15,1
61507.9,Travel,INCOME,20,751.14,11,1
46453.51,Shopping,INCOME,16,694.51,15,1
58139.61,Salary,EXPENSE,6,219.53,6,1
23476.74,Travel,INCOME,13,888.71,18,1
84251.04,Shopping,EXPENSE,4,751.62,9,1
35189.92,Entertainment,EXPENSE,14,512.26,10,0
46781.72,Bills,INCOME,15,317.02,12,0
44196.77,Shopping,EXPENSE,11,901.48,9,1
51303.46,Salary,EXPENSE,8,926.61,3,1
36055.68,Entertainment,EXPENSE,10,196.65,10,0
74533.87,Other,INCOME,6,705.64,4,1
75250.72,Salary,INCOME,0,770.08,9,1
78323.67,Bills,INCOME,18,757.81,0,1
51289.06,Other,EXPENSE,12,227.58,6,1
51606.74,Other,INCOME,23,814.4,10,1
31341.83,Travel,INCOME,22,417.69,14,0
55866.76,Shopping,EXPENSE,18,873.75,9,1
1017.63,Other,INCOME,10,225.49,13,0
40366.7,Other,INCOME,10,586.96,18,0
92218.31,Travel,INCOME,18,629.84,19,1
57409.18,Bills,INCOME,6,948.69,2,1
18874.45,Food,INCOME,18,961.94,20,1
9369.49,Food,EXPENSE,1,826.47,19,1
18709.88,Food,INCOME,9,205.89,9,0
7044.44,Food,INCOME,16,11.05,10,0
41115.58,Travel,EXPENSE,4,536.45,15,1
38929.84,Other,EXPENSE,4,870.45,9,1
70981.68,Bills,EXPENSE,19,575.09,9,1
50272.38,Salary,INCOME,8,201.7,4,1
82467.03,Entertainment,EXPENSE,16,328.89,18,1
46047.45,Entertainment,EXPENSE,23,91.1,20,0
45657.85,Salary,INCOME,12,613.03,5,0
17998.83,Entertainment,INCOME,14,384.66,5,0
9598.64,Salary,EXPENSE,7,885.54,5,1
62826.92,Shopping,EXPENSE,22,726.54,6,1
41157.25,Other,EXPENSE,11,76.53,3,0
77962.09,Bills,INCOME,5,252.77,16,1
2720.45,Salary,INCOME,12,343.66,12,0
39697.6,Food,INCOME,3,709.1,4,1
74880.17,Bills,INCOME,2,82.55,7,1
43800.48,Bills,INCOME,5,170.59,0,1
17764.8,Food,INCOME,5,77.59,0,0
15391.97,Shopping,EXPENSE,6,714.41,17,1
69689.4,Other,EXPENSE,12,690.35,14,1
516.34,Other,INCOME,6,928.82,11,1
20038.57,Food,INCOME,0,989.29,10,1
68011.95,Food,EXPENSE,3,796.92,5,1
4449.05,Entertainment,EXPENSE,10,322.68,20,0
20751.58,Entertainment,INCOME,13,120.8,6,0
32370.61,Food,INCOME,20,316.24,12,0
22048.61,Salary,INCOME,20,623.91,1,0
21895.16,Shopping,INCOME,3,712.53,18,1
95905.52,Entertainment,INCOME,20,696.32,4,1
63553.58,Salary,INCOME,21,482.13,10,1
91214.72,Bills,INCOME,16,640.59,7,1
70477.68,Food,EXPENSE,0,616.35,3,1
73804.43,Other,EXPENSE,19,79.39,4,1
29696.64,Travel,INCOME,6,642.04,7,0
59827.62,Bills,INCOME,4,278.13,20,1
4008.77,Other,INCOME,20,812.71,0,1
73300.67,Shopping,EXPENSE,6,539.31,7,1
69642.99,Travel,INCOME,16,321.64,14,1
6508.46,Bills,EXPENSE,6,52.11,4,0
12599.82,Travel,EXPENSE,7,507.42,13,0
31180.72,Salary,EXPENSE,7,424.02,19,0
28571.02,Bills,EXPENSE,8,862.43,15,1
97256.89,Bills,INCOME,5,470.71,13,1
73506.06,Other,EXPENSE,15,19.81,12,1
8369.12,Shopping,EXPENSE,17,726.65,8,1
30619.44,Shopping,INCOME,17,606.03,2,1
71500.59,Travel,EXPENSE,6,4.18,16,1
37457.07,Bills,INCOME,12,970.49,11,1
30815.69,Entertainment,EXPENSE,13,885.0,3,1
56582.58,Travel,INCOME,8,771.27,11,1
48887.75,Salary,INCOME,22,57.7,12,0
73579.64,Travel,INCOME,1,921.47,11,1
67658.74,Salary,EXPENSE,8,605.44,4,1
60234.83,Salary,EXPENSE,0,116.73,2,1
91692.44,Bills,EXPENSE,16,909.95,13,1
42715.8,Salary,INCOME,16,967.68,12,1
73406.65,Other,EXPENSE,3,636.18,11,1
26938.68,Travel,INCOME,22,308.1,5,0
207.78,Food,INCOME,16,416.84,9,0
17104.89,Shopping,EXPENSE,22,134.33,15,0
94850.91,Bills,EXPENSE,5,200.94,5,1
19228.89,Other,INCOME,14,626.84,19,0
63661.54,Food,INCOME,2,377.73,8,1
3015.18,Travel,INCOME,15,672.8,3,1
26644.77,Food,EXPENSE,3,211.07,0,1
52031.41,Other,INCOME,15,473.23,10,1
33688.19,Salary,INCOME,10,816.85,11,1
37874.65,Food,INCOME,10,806.27,0,1
69845.91,Salary,EXPENSE,0,601.91,16,1
69941.5,Other,EXPENSE,11,451.92,15,1
66039.83,Food,INCOME,0,633.78,1,1
73594.51,Salary,INCOME,7,606.76,12,1
79406.34,Shopping,INCOME,15,986.87,3,1
29421.6,Travel,EXPENSE,16,876.23,16,1
49817.61,Food,INCOME,21,996.3,14,1
44656.36,Food,INCOME,21,540.67,7,0
75337.59,Salary,EXPENSE,3,434.89,0,1
92900.29,Bills,INCOME,7,719.17,15,1
67076.6,Salary,EXPENSE,17,633.55,15,1
69193.87,Other,EXPENSE,18,766.34,19,1
34355.42,Salary,INCOME,20,642.1,17,0
43724.38,Travel,EXPENSE,8,115.69,2,0
34056.77,Entertainment,EXPENSE,23,942.01,18,1
85340.36,Bills,EXPENSE,9,61.88,17,1
38845.15,Bills,INCOME,11,797.52,4,1
60181.68,Travel,EXPENSE,12,9.19,14,1
81623.99,Shopping,EXPENSE,15,679.98,4,1
14629.78,Salary,EXPENSE,19,320.14,16,0
12390.23,Other,INCOME,20,828.69,15,1
96651.25,Food,INCOME,4,827.88,6,1
93446.57,Travel,EXPENSE,5,856.78,12,1
81510.47,Other,EXPENSE,0,547.94,10,1
47368.49,Shopping,INCOME,12,71.82,9,1
92310.23,Salary,INCOME,3,130.9,18,1
5459.62,Salary,INCOME,14,654.63,18,0
69610.75,Shopping,EXPENSE,6,218.14,6,1
962.79,Salary,EXPENSE,21,785.5,4,1
98270.92,Salary,EXPENSE,1,96.05,15,1
5294.59,Entertainment,INCOME,18,433.82,4,0
40429.2,Food,EXPENSE,7,396.64,9,0
95457.81,Salary,INCOME,22,991.16,2,1
86496.33,Salary,INCOME,8,632.33,14,1
12044.04,Food,EXPENSE,15,641.41,16,0
58705.71,Entertainment,INCOME,8,693.73,3,1
18150.6,Bills,INCOME,9,571.42,3,0
71391.13,Other,EXPENSE,12,812.87,0,1
81755.41,Other,INCOME,2,518.9,18,1
81891.82,Salary,EXPENSE,6,965.68,3,1
59930.31,Travel,EXPENSE,17,447.23,10,1
12925.16,Travel,EXPENSE,2,562.5,1,1
12515.48,Shopping,INCOME,17,171.6,0,0
4664.32,Entertainment,INCOME,21,534.1,4,0
69525.39,Entertainment,INCOME,19,538.21,6,1
66278.57,Food,EXPENSE,1,188.07,9,1
21560.53,Travel,EXPENSE,18,359.07,4,0
42230.4,Entertainment,INCOME,8,381.78,5,0
8371.24,Shopping,INCOME,22,143.24,6,0
73280.86,Salary,EXPENSE,22,372.14,20,1
60514.22,Bills,EXPENSE,10,992.45,13,1
96403.57,Travel,EXPENSE,8,124.62,3,1
40707.79,Shopping,EXPENSE,11,909.25,8,1
79819.83,Shopping,EXPENSE,3,377.16,7,1
10545.02,Food,EXPENSE,16,728.33,9,1
80689.48,Food,INCOME,22,572.16,9,1
60766.32,Food,EXPENSE,10,946.51,12,1
80618.2,Salary,INCOME,15,592.31,8,1
51380.86,Travel,EXPENSE,4,378.8,8,1
72555.66,Shopping,EXPENSE,21,608.7,14,1
98625.32,Other,INCOME,16,286.82,13,1
71860.76,Other,EXPENSE,9,635.64,2,1
40681.15,Shopping,EXPENSE,20,79.47,7,1
16553.06,Food,EXPENSE,23,285.85,15,0
1118.93,Bills,EXPENSE,15,497.81,17,0
40576.87,Entertainment,EXPENSE,23,7.29,13,0
74979.31,Travel,EXPENSE,19,448.65,5,1
88198.96,Entertainment,EXPENSE,5,75.12,4,1
95250.74,Bills,INCOME,12,170.48,3,1
67922.36,Other,EXPENSE,9,299.18,9,1
273.32,Salary,INCOME,6,923.06,20,1
89347.11,Bills,INCOME,1,355.74,19,1
29870.15,Food,EXPENSE,11,890.2,5,1
935.93,Bills,INCOME,6,84.74,16,0
41101.37,Bills,EXPENSE,4,769.45,8,1
39566.11,Shopping,INCOME,13,892.19,17,1
10914.06,Bills,INCOME,5,139.87,13,1
88363.45,Salary,EXPENSE,3,189.57,1,1
42134.52,Shopping,EXPENSE,5,666.2,15,1
98293.72,Food,INCOME,15,550.12,4,1
76451.05,Bills,INCOME,4,109.73,3,1
12656.05,Shopping,EXPENSE,21,236.5,10,0
59728.83,Food,INCOME,15,289.47,15,1
42923.75,Entertainment,EXPENSE,23,511.24,7,0
11546.25,Shopping,EXPENSE,21,820.61,6,1
78282.56,Food,EXPENSE,6,992.55,18,1
14915.17,Food,EXPENSE,12,38.37,6,0
42658.98,Entertainment,EXPENSE,2,864.35,12,1
30679.27,Salary,EXPENSE,7,336.18,15,0
42735.93,Food,INCOME,3,269.25,8,1
71172.98,Travel,INCOME,1,181.75,0,1
74488.23,Travel,INCOME,15,280.16,19,1
18524.76,Bills,INCOME,10,304.36,3,0
68312.0,Other,EXPENSE,10,360.57,11,1
58911.66,Entertainment,INCOME,7,650.25,6,1
8768.76,Food,EXPENSE,20,742.59,3,1
96834.6,Salary,EXPENSE,6,704.66,3,1
54680.57,Shopping,INCOME,23,474.2,6,1
15409.55,Travel,EXPENSE,13,550.5,8,0
75947.55,Other,INCOME,11,448.48,3,1
6817.46,Bills,EXPENSE,5,599.15,4,0
95582.5,Food,EXPENSE,23,814.53,15,1
87032.06,Food,EXPENSE,14,750.73,12,1
39055.18,Entertainment,INCOME,6,184.07,5,0
59231.67,Food,INCOME,16,707.75,16,1
85254.88,Shopping,INCOME,17,119.1,7,1
23859.77,Food,EXPENSE,8,927.25,8,1
5199.42,Travel,EXPENSE,17,116.18,20,0
60535.7,Shopping,INCOME,2,946.43,17,1
13404.48,Entertainment,INCOME,10,985.26,20,1
82401.98,Travel,INCOME,5,255.99,0,1
97877.3,Other,EXPENSE,23,745.77,12,1
25771.65,Salary,EXPENSE,14,220.64,8,0
62998.58,Other,INCOME,4,446.06,13,1
90221.71,Food,INCOME,5,459.39,5,1
49077.31,Salary,EXPENSE,20,282.04,9,0
17814.54,Bills,EXPENSE,2,143.52,13,1
90917.65,Bills,EXPENSE,23,526.78,0,1
37818.62,Food,EXPENSE,0,763.45,20,1
13261.3,Other,EXPENSE,8,142.64,20,0
79250.42,Food,EXPENSE,17,736.13,10,1
8542.27,Travel,INCOME,18,892.39,5,1
47916.89,Travel,EXPENSE,17,692.04,20,0
2169.73,Food,EXPENSE,17,296.74,16,0
41557.7,Food,EXPENSE,0,226.68,12,1
65553.69,Travel,INCOME,21,884.22,3,1
99077.27,Travel,EXPENSE,9,357.31,19,1
36081.33,Food,EXPENSE,19,151.1,13,0
59981.17,Salary,INCOME,4,893.12,9,1
28736.21,Food,INCOME,15,661.73,8,0
71145.1,Food,EXPENSE,4,777.78,4,1
39090.43,Salary,INCOME,2,113.16,13,1
27883.69,Food,INCOME,4,181.87,12,1
49445.94,Bills,INCOME,19,793.5,10,1
94405.83,Travel,INCOME,13,549.34,17,1
53270.82,Other,EXPENSE,12,83.62,13,1
77670.43,Other,EXPENSE,22,87.25,11,1
99390.84,Food,INCOME,17,473.93,4,1
6004.76,Shopping,INCOME,4,294.7,4,1
55172.46,Bills,EXPENSE,6,827.82,1,1
11767.72,Salary,EXPENSE,12,733.08,13,1
70155.11,Salary,EXPENSE,15,837.44,5,1
36556.16,Food,EXPENSE,2,12.48,13,1
18283.33,Salary,EXPENSE,23,527.45,9,0
72269.61,Bills,EXPENSE,9,111.27,1,1
3260.3,Other,EXPENSE,16,160.35,12,0
68006.36,Bills,INCOME,18,501.87,7,1
15722.22,Food,INCOME,4,743.13,12,1
21929.7,Travel,EXPENSE,22,468.44,10,0
40539.73,Bills,EXPENSE,1,803.34,20,1
27028.46,Food,EXPENSE,11,603.19,10,0
28256.58,Entertainment,EXPENSE,2,211.91,0,1
30946.56,Entertainment,EXPENSE,20,929.2,7,1
97667.48,Entertainment,EXPENSE,18,986.49,15,1
31492.3,Shopping,EXPENSE,11,751.68,12,1
31481.52,Bills,INCOME,4,702.66,3,1
89656.29,Entertainment,EXPENSE,16,807.49,4,1
79617.13,Bills,EXPENSE,9,161.22,14,1
62613.97,Salary,EXPENSE,6,807.48,20,1
71869.53,Entertainment,INCOME,14,785.35,10,1
62365.9,Bills,EXPENSE,22,774.18,12,1
99701.1,Entertainment,EXPENSE,4,566.9,15,1
1543.43,Other,INCOME,17,867.53,2,1
45508.05,Travel,INCOME,5,68.16,18,0
8968.46,Travel,INCOME,8,986.14,8,1
44232.44,Travel,EXPENSE,18,488.26,11,0
40123.87,Other,EXPENSE,14,366.73,19,0
37399.63,Salary,INCOME,16,450.09,1,0
64404.49,Salary,EXPENSE,22,821.24,0,1
10574.54,Bills,EXPENSE,18,399.28,2,0
87422.18,Salary,EXPENSE,11,465.88,20,1
81838.06,Food,EXPENSE,5,731.78,12,1
19987.13,Shopping,EXPENSE,10,342.42,19,0
70243.97,Bills,EXPENSE,8,454.58,17,1
47023.26,Salary,EXPENSE,10,568.21,19,0
6286.91,Other,INCOME,13,978.56,6,1
86808.66,Other,INCOME,8,252.07,5,1
6972.44,Bills,EXPENSE,9,873.78,14,1
52501.56,Salary,INCOME,5,830.55,2,1
42882.0,Other,INCOME,5,198.61,13,0
53573.85,Other,EXPENSE,22,436.78,18,1
1042.65,Other,EXPENSE,2,722.72,18,1
32407.07,Other,INCOME,0,150.51,14,1
49969.59,Shopping,EXPENSE,21,406.39,16,1
98824.45,Other,EXPENSE,20,449.33,18,1
21901.35,Travel,INCOME,22,546.09,5,0
21652.92,Travel,EXPENSE,21,576.84,0,1
36411.26,Shopping,INCOME,16,819.05,3,1
64908.72,Bills,INCOME,13,351.73,17,1
97408.31,Shopping,EXPENSE,5,458.82,11,1
59509.44,Entertainment,INCOME,12,285.03,13,1
70224.16,Other,EXPENSE,2,805.94,3,1
1691.83,Bills,EXPENSE,15,749.94,19,1
10015.22,Bills,EXPENSE,21,289.9,13,0
77699.18,Entertainment,INCOME,3,195.56,15,1
35093.84,Other,INCOME,13,907.99,20,1
74128.25,Food,INCOME,7,507.56,8,1
26486.68,Other,INCOME,21,241.55,13,0
2673.37,Other,INCOME,16,820.03,19,1
17082.55,Entertainment,INCOME,7,555.74,12,0
64461.21,Other,EXPENSE,18,429.1,20,1
72824.86,Bills,INCOME,16,158.44,7,1
80127.14,Entertainment,EXPENSE,20,576.93,12,1
62750.47,Shopping,EXPENSE,10,203.76,2,1
1203.24,Other,EXPENSE,0,618.1,17,1
7923.31,Bills,EXPENSE,23,734.17,14,1
77770.1,Travel,EXPENSE,20,897.91,9,1
84053.66,Salary,INCOME,8,659.26,8,1
14419.76,Food,EXPENSE,3,459.13,19,1
14226.45,Shopping,EXPENSE,2,77.38,11,1
20836.85,Food,INCOME,0,413.75,15,1
7677.45,Salary,INCOME,12,889.71,20,1
80864.48,Travel,INCOME,0,903.64,18,1
85488.15,Food,INCOME,11,483.91,19,1
551.2,Entertainment,INCOME,3,192.85,0,1
51823.59,Other,EXPENSE,6,866.87,3,1
2998.29,Travel,EXPENSE,2,727.74,4,1
48183.41,Food,INCOME,22,551.5,9,0
80910.72,Bills,INCOME,6,250.09,6,1
88737.12,Shopping,INCOME,3,583.65,18,1
79420.25,Salary,INCOME,13,882.86,13,1
27203.81,Shopping,EXPENSE,19,383.05,6,0
37427.35,Salary,EXPENSE,14,167.25,1,0
25343.71,Bills,INCOME,19,826.69,20,1
53073.29,Bills,EXPENSE,3,179.9,10,1
18632.19,Travel,EXPENSE,6,656.95,11,0
31479.57,Food,INCOME,22,10.9,10,0
56768.55,Shopping,EXPENSE,17,66.24,9,1
52749.87,Food,INCOME,22,607.9,2,1
64644.7,Salary,INCOME,10,813.39,6,1
80282.38,Bills,EXPENSE,8,421.24,3,1
60163.0,Entertainment,INCOME,7,576.41,9,1
78341.4,Entertainment,EXPENSE,14,284.37,12,1
53370.03,Entertainment,EXPENSE,10,644.78,2,1
82993.53,Bills,INCOME,8,317.19,11,1
55667.2,Shopping,INCOME,19,47.07,9,1
45485.45,Other,EXPENSE,11,937.7,3,1
4831.03,Food,EXPENSE,3,993.54,13,1
8847.27,Salary,INCOME,17,989.57,1,1
78505.16,Food,EXPENSE,9,75.04,10,1
79173.2,Bills,INCOME,22,170.34,4,1
12034.15,Shopping,EXPENSE,18,887.8,13,1
66840.11,Entertainment,EXPENSE,18,477.93,15,1
32225.04,Salary,INCOME,7,91.8,9,0
35333.32,Other,EXPENSE,21,647.13,6,0
7560.68,Bills,EXPENSE,6,13.13,6,0
38536.77,Bills,EXPENSE,10,208.66,18,0
51417.04,Shopping,INCOME,22,454.02,4,1
10610.76,Travel,EXPENSE,11,385.58,14,0
51370.73,Other,INCOME,6,68.64,13,1
30749.32,Other,EXPENSE,4,460.95,3,1
24094.22,Bills,EXPENSE,8,28.59,16,0
26594.59,Entertainment,EXPENSE,11,431.47,4,0
43113.3,Shopping,EXPENSE,14,272.59,3,1
38283.13,Bills,EXPENSE,9,189.45,5,0
52979.8,Bills,INCOME,3,681.16,20,1
11152.73,Food,EXPENSE,1,575.23,7,1
10148.15,Travel,INCOME,12,392.89,7,0
87958.79,Shopping,INCOME,6,171.03,6,1
28834.86,Entertainment,INCOME,23,3.11,5,0
70062.1,Bills,INCOME,22,238.62,10,1
16706.21,Shopping,INCOME,4,962.24,15,1
2131.64,Shopping,EXPENSE,5,679.2,0,0
96955.68,Entertainment,EXPENSE,15,873.22,15,1
81901.7,Entertainment,INCOME,7,525.27,5,1
77536.89,Food,INCOME,23,335.68,15,1
98979.82,Shopping,INCOME,8,364.29,0,1
30148.35,Shopping,INCOME,3,269.94,16,1
2121.69,Bills,EXPENSE,21,994.09,11,1
24474.56,Salary,INCOME,11,206.31,2,0
95483.7,Salary,EXPENSE,8,877.14,17,1
44954.47,Entertainment,EXPENSE,8,910.33,11,1
39133.07,Bills,INCOME,9,190.57,18,0
34360.28,Entertainment,EXPENSE,13,795.33,18,1
79244.43,Shopping,EXPENSE,0,498.93,4,1
15065.26,Shopping,EXPENSE,9,486.82,2,0
1608.46,Food,EXPENSE,9,825.47,3,1
30616.86,Bills,INCOME,21,834.11,1,1
35054.31,Shopping,EXPENSE,2,713.2,4,1
19712.9,Entertainment,EXPENSE,9,218.86,15,0
24910.41,Salary,INCOME,13,399.11,3,0
92023.4,Entertainment,INCOME,5,563.91,10,1
13960.68,Other,EXPENSE,8,135.69,17,0
30534.36,Shopping,INCOME,17,183.37,13,1
52680.81,Salary,INCOME,16,934.88,11,1
42795.53,Bills,INCOME,14,27.67,17,0
76688.63,Food,EXPENSE,19,906.85,7,1
37342.46,Entertainment,INCOME,1,755.34,12,1
67024.42,Bills,INCOME,1,84.66,8,1
65005.5,Shopping,EXPENSE,9,565.44,10,1
12188.2,Entertainment,EXPENSE,22,205.06,4,0
96729.48,Travel,EXPENSE,21,639.67,4,1
31123.54,Food,INCOME,19,687.77,3,0
15344.56,Food,EXPENSE,7,204.29,15,0
50605.16,Bills,EXPENSE,3,299.92,15,1
82036.08,Other,INCOME,19,681.32,19,1
14667.32,Food,EXPENSE,4,818.55,7,1
74179.39,Entertainment,EXPENSE,15,480.47,9,1
95911.19,Bills,INCOME,21,275.18,12,1
10778.22,Bills,INCOME,4,27.97,14,1
38973.47,Entertainment,INCOME,1,645.11,19,1
90815.43,Shopping,EXPENSE,14,882.42,14,1
98176.28,Shopping,EXPENSE,11,902.55,16,1
6323.44,Salary,EXPENSE,11,655.93,18,0
71532.47,Other,EXPENSE,8,784.96,9,1
6867.6,Other,INCOME,12,962.56,19,1
57625.09,Entertainment,INCOME,4,697.77,18,1
34842.12,Entertainment,INCOME,2,44.93,5,1
66542.83,Bills,INCOME,10,759.91,7,1
88081.5,Salary,INCOME,13,922.38,1,1
11491.65,Other,EXPENSE,14,763.35,19,1
2994.47,Travel,INCOME,3,698.73,12,1
63757.71,Entertainment,EXPENSE,6,252.49,14,1
22588.38,Salary,EXPENSE,13,813.84,6,1
2473.09,Salary,EXPENSE,6,33.24,4,0
35988.12,Bills,EXPENSE,10,185.3,20,0
19054.18,Travel,INCOME,16,352.11,19,0
85349.49,Other,EXPENSE,14,427.51,12,1
56936.78,Travel,INCOME,3,117.93,7,1
54076.78,Food,EXPENSE,9,922.27,8,1
35822.62,Other,EXPENSE,9,74.78,18,0
51800.09,Entertainment,INCOME,12,618.64,17,1
11131.9,Bills,INCOME,20,29.98,10,0
20091.1,Other,EXPENSE,4,204.23,10,1
66350.45,Food,EXPENSE,15,72.91,18,1
70323.93,Other,EXPENSE,11,981.06,13,1
61262.64,Food,INCOME,4,270.51,1,1
49684.84,Travel,INCOME,13,477.59,7,0
5582.89,Other,EXPENSE,17,608.14,12,0
73805.46,Entertainment,INCOME,1,387.12,12,1
43000.38,Bills,EXPENSE,3,437.95,19,1
36802.48,Travel,INCOME,13,918.07,7,1
58882.32,Travel,INCOME,23,752.57,17,1
99094.33,Food,EXPENSE,1,76.61,4,1
28295.47,Shopping,INCOME,19,655.21,7,0
13015.14,Bills,INCOME,21,122.38,2,0
93840.1,Travel,INCOME,22,735.22,11,1
85883.08,Bills,INCOME,11,780.21,9,1
24458.37,Shopping,INCOME,22,541.42,3,0
90047.52,Salary,INCOME,8,78.45,4,1
52123.45,Shopping,EXPENSE,3,372.39,4,1
23548.77,Bills,INCOME,3,21.29,1,1
58844.6,Shopping,EXPENSE,1,279.09,19,1
1933.91,Bills,INCOME,14,44.42,6,0
66009.57,Entertainment,EXPENSE,21,305.15,17,1
93725.53,Entertainment,INCOME,8,810.24,18,1
2783.15,Salary,INCOME,13,782.61,1,1
55351.75,Salary,INCOME,17,463.5,18,1
76912.78,Shopping,EXPENSE,12,467.33,7,1
1567.58,Other,INCOME,2,998.81,17,1
57129.71,Food,INCOME,11,268.75,8,1
81035.44,Entertainment,EXPENSE,3,306.9,10,1
84766.89,Bills,INCOME,0,439.91,14,1
35904.43,Salary,EXPENSE,13,58.58,2,0
61052.34,Shopping,EXPENSE,14,179.8,8,1
49518.15,Travel,EXPENSE,4,871.24,20,1
11488.93,Food,EXPENSE,21,506.72,14,0
4243.46,Salary,EXPENSE,1,951.7,8,1
1661.01,Other,INCOME,17,718.32,19,1
10960.89,Entertainment,INCOME,3,511.04,7,1
57058.07,Other,INCOME,2,641.89,9,1
32687.73,Other,INCOME,10,975.1,20,1
94250.83,Shopping,EXPENSE,5,368.3,9,1
91191.67,Food,EXPENSE,19,211.48,10,1
78098.33,Entertainment,INCOME,6,378.84,18,1
72639.66,Bills,EXPENSE,2,958.63,7,1
99781.41,Salary,INCOME,17,733.05,16,1
60729.85,Salary,INCOME,10,269.18,18,1
24440.7,Travel,INCOME,7,455.82,3,0
44528.5,Bills,INCOME,2,351.98,16,1
36261.58,Bills,EXPENSE,14,786.3,7,1
82687.05,Travel,EXPENSE,13,674.11,4,1
79595.8,Shopping,INCOME,3,81.51,13,1
14882.44,Bills,EXPENSE,5,876.41,0,1
41891.63,Other,INCOME,23,101.0,1,0
2441.95,Travel,EXPENSE,4,514.9,16,1
90430.83,Shopping,EXPENSE,12,696.93,7,1
11947.01,Other,INCOME,18,608.76,3,0
4571.51,Salary,INCOME,14,910.67,20,1
83488.73,Shopping,INCOME,22,134.61,5,1
58976.34,Other,EXPENSE,4,895.6,18,1
67407.01,Bills,INCOME,10,438.59,16,1
27965.99,Other,EXPENSE,7,297.35,10,0
51791.88,Entertainment,INCOME,9,322.8,10,1
95353.69,Food,EXPENSE,13,519.13,18,1
31471.02,Shopping,INCOME,5,118.55,8,1
22402.15,Travel,INCOME,8,988.81,3,1
66660.04,Travel,EXPENSE,6,552.16,16,1
2783.64,Food,EXPENSE,0,488.37,0,1
28219.66,Entertainment,INCOME,23,444.82,4,0
29529.41,Food,EXPENSE,14,888.88,15,1
86457.05,Shopping,EXPENSE,11,803.64,7,1
32745.22,Entertainment,INCOME,8,453.46,16,0
7455.15,Salary,INCOME,1,433.38,16,1
84151.03,Salary,EXPENSE,20,627.29,7,1
37652.1,Travel,EXPENSE,8,470.12,15,0
73369.39,Shopping,EXPENSE,6,634.77,2,1
85722.82,Salary,EXPENSE,0,434.32,15,1
20894.27,Travel,EXPENSE,13,687.98,19,0
58410.7,Salary,INCOME,15,530.46,5,1
84077.15,Shopping,INCOME,15,796.75,12,1
54364.16,Shopping,EXPENSE,7,112.37,9,1
44744.93,Travel,INCOME,3,176.19,10,1
34790.48,Bills,EXPENSE,15,840.12,15,1
68737.83,Food,INCOME,8,507.49,13,1
77191.28,Shopping,INCOME,13,391.38,14,1
26106.9,Food,INCOME,15,728.19,10,1
4610.57,Bills,INCOME,7,572.51,5,0
77966.22,Food,INCOME,4,604.96,0,1
2160.71,Bills,EXPENSE,22,333.29,11,0
55311.77,Salary,EXPENSE,16,210.46,17,1
15741.44,Entertainment,INCOME,22,229.33,5,0
33183.64,Travel,EXPENSE,0,36.07,0,1
52679.21,Entertainment,INCOME,15,42.29,9,1
23039.02,Other,EXPENSE,1,272.46,3,1
37816.78,Bills,EXPENSE,23,876.62,2,1
50475.74,Salary,INCOME,0,14.74,17,1
15227.16,Salary,INCOME,6,831.47,9,1
42544.01,Salary,EXPENSE,9,274.05,6,0
96927.78,Entertainment,INCOME,12,291.24,2,1
40662.76,Shopping,INCOME,9,907.67,17,1
38271.71,Bills,INCOME,11,762.7,3,1
57809.05,Food,INCOME,7,447.09,15,1
64299.72,Shopping,EXPENSE,20,975.82,3,1
20807.8,Bills,EXPENSE,2,141.33,19,1
52364.4,Other,EXPENSE,1,767.41,8,1
74064.09,Other,EXPENSE,1,321.44,18,1
87149.22,Shopping,EXPENSE,17,794.7,17,1
95949.55,Travel,INCOME,14,708.87,16,1
73981.51,Salary,EXPENSE,3,425.7,2,1
75700.83,Travel,EXPENSE,5,197.37,3,1
42447.01,Travel,INCOME,4,748.99,17,1
975.39,Food,INCOME,9,719.94,8,1
61529.29,Shopping,EXPENSE,4,290.2,6,1
95201.94,Shopping,INCOME,15,462.88,10,1
72027.02,Other,EXPENSE,5,524.38,15,1
41659.48,Travel,INCOME,2,993.31,0,1
18808.06,Salary,EXPENSE,17,458.59,3,0
46895.98,Travel,EXPENSE,11,636.34,7,0
1462.24,Travel,INCOME,9,820.75,13,1
30609.74,Entertainment,INCOME,8,561.11,20,0
7793.74,Travel,EXPENSE,23,216.44,5,0
10277.1,Other,INCOME,10,575.66,18,0
96667.56,Salary,INCOME,6,168.1,7,1
9179.26,Other,EXPENSE,4,164.82,0,1
89600.54,Food,EXPENSE,16,807.23,13,1
32742.58,Entertainment,EXPENSE,7,560.15,12,0
70639.15,Shopping,INCOME,16,316.97,2,1
84227.01,Travel,INCOME,22,142.88,13,1
49034.85,Other,INCOME,21,120.24,13,0
17842.34,Other,INCOME,14,770.74,11,1
21417.31,Entertainment,EXPENSE,12,374.21,0,1
36131.09,Travel,EXPENSE,18,310.39,3,0
91584.92,Entertainment,EXPENSE,19,273.03,20,1
47899.55,Food,INCOME,8,625.27,18,0
86325.37,Bills,INCOME,15,173.77,20,1
80752.7,Food,INCOME,0,612.92,4,1
17731.92,Other,EXPENSE,2,419.57,3,1
63765.94,Food,INCOME,3,857.89,8,1
19458.53,Entertainment,EXPENSE,10,837.27,10,1
16962.89,Entertainment,INCOME,16,14.17,12,0
66788.86,Food,EXPENSE,6,825.05,16,1
26700.26,Travel,INCOME,1,275.53,6,1
40954.69,Salary,EXPENSE,9,273.76,11,0
46651.92,Other,EXPENSE,18,930.27,2,1
9101.64,Salary,EXPENSE,5,317.5,20,0
76683.92,Other,EXPENSE,6,637.95,14,1
72441.46,Travel,INCOME,21,642.32,6,1
73824.14,Shopping,EXPENSE,12,705.91,5,1
56525.74,Bills,EXPENSE,6,272.8,6,1
29528.49,Salary,INCOME,8,92.41,11,0
34918.48,Salary,INCOME,20,687.04,5,0
83480.68,Bills,EXPENSE,17,568.71,13,1
81100.29,Other,INCOME,6,342.18,16,1
74326.02,Shopping,EXPENSE,16,773.41,8,1
26121.55,Food,EXPENSE,15,139.82,18,0
56398.75,Salary,EXPENSE,10,701.29,20,1
90107.35,Travel,INCOME,15,334.71,20,1
18751.8,Shopping,INCOME,5,466.84,5,0
43928.92,Entertainment,INCOME,18,575.97,13,0
47383.53,Travel,INCOME,23,373.21,10,0
40145.25,Food,EXPENSE,16,107.86,13,0
95400.49,Bills,EXPENSE,5,512.2,9,1
96525.3,Entertainment,EXPENSE,18,751.85,4,1
78867.51,Food,EXPENSE,9,792.86,4,1
45898.42,Travel,INCOME,0,658.61,6,1
30163.17,Food,EXPENSE,7,857.76,13,1
24511.02,Salary,INCOME,0,477.34,11,1
55005.42,Bills,EXPENSE,15,668.44,14,1
76317.46,Food,INCOME,4,318.36,4,1
32744.83,Shopping,INCOME,19,393.85,2,1
67004.17,Entertainment,EXPENSE,7,885.59,5,1
36944.8,Shopping,EXPENSE,19,599.17,12,1
64575.45,Travel,INCOME,6,44.25,9,1
33991.69,Salary,EXPENSE,13,150.75,9,0
82136.44,Food,INCOME,13,179.52,12,1
83431.54,Bills,EXPENSE,11,686.07,3,1
40477.13,Other,EXPENSE,5,319.03,18,0
68645.55,Food,INCOME,20,959.92,12,1
5498.4,Bills,INCOME,23,634.12,19,0
90825.68,Entertainment,INCOME,15,712.02,17,1
11211.63,Travel,INCOME,17,759.61,2,1
33744.71,Salary,INCOME,6,514.9,19,0
45526.19,Food,INCOME,9,39.84,15,0
5054.85,Entertainment,INCOME,8,425.7,9,0
2401.86,Shopping,EXPENSE,9,356.89,0,0
29803.45,Food,EXPENSE,11,731.9,17,1
24900.24,Food,EXPENSE,4,726.79,20,1
89277.03,Shopping,INCOME,22,617.24,16,1
4112.07,Shopping,INCOME,1,146.75,20,1
10157.22,Entertainment,EXPENSE,10,927.44,9,1
2287.23,Salary,INCOME,23,652.9,2,0
43371.86,Food,EXPENSE,18,260.98,9,0
53938.8,Other,EXPENSE,22,798.95,11,1
21560.17,Bills,INCOME,23,688.86,5,0
67160.39,Entertainment,INCOME,5,678.21,8,1
20753.28,Other,INCOME,21,129.77,8,0
79036.31,Salary,INCOME,3,221.32,0,1
22144.72,Entertainment,INCOME,23,712.03,14,1
63495.53,Shopping,INCOME,15,929.87,0,1
31998.3,Other,INCOME,4,461.95,15,1
69787.65,Salary,INCOME,8,402.94,18,1
63156.84,Entertainment,INCOME,2,207.55,16,1
29217.71,Shopping,INCOME,21,467.38,4,0
16715.09,Shopping,INCOME,13,995.83,0,1
28424.57,Salary,INCOME,7,375.28,17,0
60731.82,Other,EXPENSE,3,395.75,6,1
57095.96,Travel,EXPENSE,23,978.9,17,1
75140.53,Bills,INCOME,10,770.5,20,1
88481.55,Salary,INCOME,16,535.63,12,1
40426.4,Other,INCOME,9,826.14,14,1
87340.52,Bills,INCOME,0,532.67,10,1
65636.25,Salary,EXPENSE,12,580.16,13,1
41058.87,Salary,EXPENSE,19,224.19,19,0
99891.04,Entertainment,INCOME,0,325.02,7,1
62568.24,Salary,EXPENSE,11,22.72,19,1
65428.9,Entertainment,EXPENSE,5,457.77,7,1
93717.23,Travel,INCOME,4,292.98,0,1
46144.9,Travel,INCOME,7,796.75,14,1
11160.17,Entertainment,INCOME,5,244.86,2,1
3280.64,Salary,INCOME,16,995.53,12,1
41738.11,Shopping,EXPENSE,22,776.6,20,1
71490.68,Bills,INCOME,23,59.79,12,1
72528.8,Food,INCOME,12,716.62,16,1
44032.58,Other,EXPENSE,3,145.98,8,1
58002.21,Other,EXPENSE,23,168.95,13,1
14237.91,Travel,INCOME,6,264.51,10,0
7453.25,Salary,INCOME,7,756.98,10,1
44494.97,Other,INCOME,22,257.92,8,0
76144.21,Travel,INCOME,0,221.02,11,1
71394.62,Shopping,EXPENSE,18,633.89,15,1
67344.21,Travel,EXPENSE,4,607.45,12,1
22830.41,Other,EXPENSE,18,302.96,18,1
36447.97,Entertainment,INCOME,15,618.46,5,0
64402.96,Entertainment,INCOME,16,374.36,15,1
87084.69,Bills,EXPENSE,15,897.13,0,1
6522.02,Travel,INCOME,6,224.31,8,0
72889.74,Food,EXPENSE,11,498.79,18,1
90634.89,Other,EXPENSE,23,202.53,1,1
9929.06,Shopping,EXPENSE,8,553.28,17,0
53796.02,Food,EXPENSE,14,566.7,7,1
79737.12,Travel,EXPENSE,7,689.64,14,1
97938.78,Shopping,INCOME,2,743.11,2,1
13298.27,Shopping,EXPENSE,6,227.59,18,0
47754.37,Food,EXPENSE,10,790.02,2,1
11684.82,Food,INCOME,6,99.88,18,0
48748.71,Entertainment,EXPENSE,18,429.76,3,0
44292.05,Salary,EXPENSE,18,805.77,19,1
99224.16,Shopping,INCOME,19,270.74,20,1
50753.93,Entertainment,INCOME,20,299.64,17,1
27565.07,Entertainment,INCOME,20,440.04,5,0
31954.79,Entertainment,INCOME,15,163.13,2,0
67313.97,Food,INCOME,10,637.88,17,1
19399.87,Food,EXPENSE,6,307.2,9,0
53063.43,Food,INCOME,19,210.29,4,1
19230.81,Bills,EXPENSE,5,610.12,5,0
51670.81,Bills,INCOME,23,269.38,8,1
85630.94,Shopping,INCOME,4,306.23,11,1
31568.9,Shopping,INCOME,18,393.54,13,1
94001.73,Food,INCOME,11,645.79,4,1
76716.51,Food,EXPENSE,6,662.05,8,1
37378.84,Shopping,INCOME,12,325.69,17,1
79757.59,Entertainment,INCOME,8,106.83,7,1
72298.77,Salary,INCOME,1,781.23,12,1
90893.29,Bills,EXPENSE,8,986.93,18,1
10188.92,Salary,INCOME,8,537.9,14,0
11147.53,Travel,EXPENSE,10,977.18,13,1
87401.36,Entertainment,INCOME,18,199.99,2,1
32817.82,Entertainment,INCOME,17,531.03,9,0
14089.73,Other,EXPENSE,22,711.4,10,1
36154.9,Other,INCOME,23,884.59,5,1
22806.84,Shopping,INCOME,6,677.67,8,0
74777.65,Food,EXPENSE,3,642.24,13,1
48661.44,Food,EXPENSE,16,373.47,18,0
3256.8,Entertainment,INCOME,17,492.01,18,0
6757.59,Food,EXPENSE,17,780.59,17,1
51374.36,Other,EXPENSE,18,922.5,19,1
19129.2,Food,INCOME,8,465.72,4,0
7348.93,Salary,INCOME,14,527.71,13,0
40176.53,Shopping,EXPENSE,19,828.22,0,1
32272.31,Travel,INCOME,7,584.38,10,0
65378.59,Travel,INCOME,22,867.24,4,1
14870.97,Shopping,EXPENSE,3,26.22,19,1
3993.29,Travel,INCOME,2,327.46,10,1
65833.8,Travel,INCOME,5,424.28,8,1
91991.83,Other,INCOME,0,137.31,14,1
94803.97,Food,INCOME,23,854.19,6,1
44708.9,Bills,EXPENSE,6,770.98,18,1
9330.54,Travel,EXPENSE,5,756.61,3,1
74077.17,Shopping,INCOME,13,190.98,2,1
36017.85,Shopping,EXPENSE,14,16.15,12,1
40060.82,Other,EXPENSE,11,360.39,9,0
43443.18,Other,INCOME,7,999.71,2,1
81026.43,Bills,EXPENSE,8,729.63,10,1
84749.11,Travel,EXPENSE,4,518.62,4,1
76240.67,Food,EXPENSE,23,660.95,11,1
82333.91,Bills,EXPENSE,5,936.29,4,1
81041.45,Travel,INCOME,3,786.56,0,1
30641.18,Salary,INCOME,8,621.91,0,1
33191.63,Bills,EXPENSE,23,872.03,13,1
37734.83,Entertainment,EXPENSE,5,100.12,11,0
9257.78,Food,EXPENSE,15,464.43,13,0
53695.88,Travel,EXPENSE,9,476.24,8,1
65654.61,Shopping,EXPENSE,15,492.8,18,1
21970.15,Travel,EXPENSE,7,659.21,3,0
28265.86,Entertainment,EXPENSE,7,226.22,5,0
30145.76,Salary,INCOME,21,590.78,16,0
88364.1,Other,EXPENSE,10,422.02,4,1
93465.71,Food,INCOME,20,48.02,6,1
1481.46,Salary,EXPENSE,7,161.89,10,1
48103.6,Other,INCOME,6,628.71,18,0
99270.24,Bills,INCOME,17,439.86,8,1
51473.37,Shopping,INCOME,5,255.28,15,1
45658.78,Food,INCOME,16,262.86,11,0
2590.13,Entertainment,EXPENSE,3,227.13,14,1
12071.76,Salary,INCOME,4,873.31,9,1
55352.19,Food,EXPENSE,12,820.03,16,1
84009.28,Travel,EXPENSE,6,733.41,11,1
78004.77,Entertainment,EXPENSE,17,362.66,7,1
99717.63,Travel,INCOME,5,100.14,5,1
85901.13,Travel,EXPENSE,17,942.19,19,1
20259.5,Food,INCOME,9,389.77,16,0
89379.76,Bills,INCOME,4,721.55,9,1
25170.36,Entertainment,INCOME,6,923.05,19,1
6728.14,Other,INCOME,4,143.79,5,1
80708.48,Travel,INCOME,5,646.08,12,1
24894.9,Shopping,EXPENSE,7,963.36,8,1
40173.98,Salary,EXPENSE,6,443.38,8,0
1126.37,Food,INCOME,16,102.61,20,0
23256.51,Bills,INCOME,3,541.26,19,1
7086.75,Other,INCOME,8,949.49,1,1
89117.12,Food,INCOME,13,584.98,15,1
22502.11,Food,EXPENSE,23,603.32,19,0
24167.19,Other,INCOME,22,963.24,13,1
10563.75,Other,INCOME,23,732.44,8,1
32916.53,Salary,INCOME,11,83.09,3,0
48580.6,Entertainment,INCOME,7,591.08,8,0
78103.15,Salary,INCOME,17,606.64,18,1
51920.73,Salary,INCOME,1,601.66,18,1
64285.64,Food,EXPENSE,3,966.73,7,1
67277.31,Entertainment,INCOME,12,718.29,1,1
78824.23,Other,INCOME,18,863.41,1,1
81325.41,Salary,INCOME,21,908.08,6,1
2463.24,Shopping,EXPENSE,9,920.67,0,1
84950.54,Shopping,INCOME,21,344.05,7,1
78381.79,Shopping,INCOME,22,990.98,8,1
16101.18,Entertainment,INCOME,23,401.32,11,0
17247.2,Bills,EXPENSE,10,351.8,17,0
83631.75,Travel,INCOME,9,101.3,2,1
31326.79,Bills,EXPENSE,12,202.15,15,0
80599.46,Shopping,EXPENSE,5,322.76,3,1
31087.23,Entertainment,INCOME,17,538.25,12,0
7639.74,Food,EXPENSE,22,597.97,12,0
14619.26,Shopping,INCOME,12,133.03,12,0
95609.69,Other,INCOME,19,570.11,2,1
22521.24,Other,EXPENSE,7,547.99,8,0
22485.64,Salary,EXPENSE,7,875.14,14,1
21636.01,Food,INCOME,7,964.59,19,1
43923.04,Entertainment,EXPENSE,13,186.06,16,0
62744.15,Bills,INCOME,22,796.8,11,1
26392.56,Shopping,INCOME,7,320.15,11,0
69335.25,Shopping,EXPENSE,17,578.96,3,1
78432.65,Entertainment,INCOME,17,313.48,19,1
34866.86,Salary,EXPENSE,14,269.13,1,0
43815.2,Entertainment,INCOME,2,953.16,5,1
44874.4,Salary,EXPENSE,11,476.63,4,0
35473.51,Salary,INCOME,18,252.01,0,1
49106.44,Salary,EXPENSE,12,215.2,14,0
69735.74,Shopping,INCOME,7,569.86,16,1
14466.1,Entertainment,INCOME,0,970.89,1,1
35867.03,Food,EXPENSE,19,63.63,13,0
73269.01,Travel,EXPENSE,5,29.49,15,1
33212.42,Food,INCOME,18,700.93,12,1
38160.01,Bills,EXPENSE,10,182.99,9,0
70740.93,Shopping,INCOME,2,184.57,12,1
35152.51,Salary,EXPENSE,10,451.73,3,0
2089.06,Entertainment,EXPENSE,17,59.15,11,0
222.8,Entertainment,EXPENSE,0,326.86,9,1
90519.25,Entertainment,INCOME,2,955.71,6,1
49845.23,Entertainment,EXPENSE,11,96.97,4,0
57419.8,Bills,EXPENSE,16,148.85,14,1
3925.49,Entertainment,EXPENSE,9,935.03,3,1
18082.66,Entertainment,EXPENSE,3,497.65,19,1
61338.5,Shopping,INCOME,21,547.98,12,1
94403.91,Salary,EXPENSE,10,246.22,4,1
81767.67,Travel,INCOME,1,358.32,15,1
90971.32,Salary,EXPENSE,16,90.95,20,1
52757.38,Entertainment,INCOME,17,643.2,9,1
44818.06,Travel,INCOME,20,426.32,13,0
49072.01,Bills,EXPENSE,10,561.25,19,0
49786.58,Other,INCOME,21,698.9,16,0
18848.49,Food,INCOME,18,747.85,18,1
64111.2,Salary,EXPENSE,17,27.96,9,1
35208.97,Entertainment,EXPENSE,21,873.71,16,1
17870.1,Shopping,EXPENSE,6,98.65,5,0
71255.44,Food,EXPENSE,15,206.74,20,1
4571.13,Bills,EXPENSE,22,116.33,9,1
24076.72,Other,INCOME,5,987.09,7,1
83786.84,Food,EXPENSE,4,598.75,19,1
88200.38,Bills,INCOME,6,940.27,20,1
27297.86,Salary,EXPENSE,13,823.55,12,1
90112.53,Other,INCOME,8,600.13,20,1
4227.84,Other,INCOME,4,662.96,7,1
11482.32,Travel,INCOME,2,183.36,10,1
74022.29,Salary,INCOME,9,536.26,9,1
26186.84,Other,EXPENSE,12,822.88,6,1
55497.26,Bills,EXPENSE,4,518.23,1,1
10978.92,Travel,EXPENSE,12,184.48,2,0
61551.32,Bills,EXPENSE,14,597.0,1,1
50386.75,Travel,EXPENSE,23,317.92,18,1
15313.42,Other,INCOME,5,350.12,6,0
5689.99,Bills,EXPENSE,9,505.59,7,0
19474.19,Salary,INCOME,0,871.34,2,1
60185.92,Shopping,EXPENSE,4,547.12,10,1
68492.04,Bills,EXPENSE,19,720.48,10,1
14391.47,Food,EXPENSE,0,381.21,18,1
38783.35,Entertainment,EXPENSE,7,762.18,1,1
7438.71,Salary,INCOME,18,644.79,9,0
38707.38,Salary,EXPENSE,21,490.56,8,0
98798.35,Bills,INCOME,4,454.22,11,1
28722.01,Salary,EXPENSE,12,999.14,5,1
2142.67,Other,INCOME,4,42.55,13,1
54172.78,Travel,INCOME,4,840.14,11,1
40608.95,Bills,INCOME,23,452.31,12,0
33813.24,Salary,INCOME,4,723.31,6,1
71273.36,Entertainment,EXPENSE,23,659.33,19,1
46364.42,Other,INCOME,11,644.0,6,0
47049.73,Entertainment,INCOME,9,904.68,19,1
19981.0,Shopping,EXPENSE,21,384.29,16,0
94322.77,Food,EXPENSE,12,567.39,5,1
74609.87,Entertainment,EXPENSE,20,401.88,6,1
31683.24,Travel,EXPENSE,15,316.21,19,0
62827.16,Food,EXPENSE,2,85.75,0,1
86952.9,Shopping,EXPENSE,10,931.56,11,1
15102.76,Travel,INCOME,2,362.94,10,1
82834.04,Bills,INCOME,22,175.22,9,1
56210.66,Travel,EXPENSE,13,118.44,19,1
56188.32,Salary,INCOME,22,983.3,7,1
66403.72,Travel,INCOME,3,755.67,4,1
47307.67,Bills,EXPENSE,0,586.18,11,1
58509.88,Travel,INCOME,0,970.3,18,1
34010.68,Food,INCOME,2,177.24,19,1
39391.89,Travel,EXPENSE,21,197.13,20,0
71155.25,Other,EXPENSE,11,602.81,15,1
89110.22,Bills,EXPENSE,11,851.25,6,1
98204.54,Food,INCOME,10,905.82,1,1
70066.46,Shopping,INCOME,13,337.52,8,1
75988.52,Bills,EXPENSE,10,551.27,4,1
92658.19,Food,EXPENSE,9,380.67,15,1
3646.52,Salary,INCOME,22,375.14,11,0
85369.98,Other,INCOME,13,707.28,4,1
71925.75,Entertainment,EXPENSE,15,281.64,2,1
91881.67,Food,INCOME,16,895.82,0,1
80632.35,Food,EXPENSE,2,177.11,2,1
80155.63,Other,EXPENSE,2,9.65,0,1
34146.42,Entertainment,EXPENSE,4,582.75,14,1
33123.52,Salary,EXPENSE,19,121.98,4,0
74619.1,Food,EXPENSE,2,718.25,2,1
79169.69,Travel,EXPENSE,1,716.98,12,1
52956.88,Bills,EXPENSE,22,987.93,19,1
46947.59,Salary,EXPENSE,14,184.93,0,1
97420.33,Shopping,EXPENSE,17,575.43,6,1
70301.67,Food,EXPENSE,5,848.62,7,1
63547.93,Entertainment,INCOME,19,412.28,20,1
42681.0,Other,INCOME,23,240.77,0,1
96815.5,Shopping,INCOME,5,64.65,2,1
90274.21,Food,INCOME,2,674.04,14,1
74439.66,Food,INCOME,18,771.39,11,1
60570.41,Food,INCOME,23,839.73,14,1
81105.99,Shopping,INCOME,9,763.41,10,1
74509.69,Travel,EXPENSE,1,690.86,13,1
46190.94,Other,INCOME,14,868.68,14,1
14251.18,Other,INCOME,13,949.63,4,1
38176.66,Other,EXPENSE,12,365.71,13,0
66194.12,Travel,EXPENSE,18,946.04,6,1
39159.6,Travel,INCOME,10,197.76,15,0
30387.04,Other,INCOME,7,189.95,19,0
43313.98,Other,EXPENSE,15,969.1,1,1
10645.85,Shopping,INCOME,19,289.32,7,0
49448.45,Travel,INCOME,15,12.97,9,0
33891.12,Shopping,INCOME,19,121.85,4,1
34142.67,Shopping,EXPENSE,11,565.33,15,1
44735.47,Bills,EXPENSE,6,944.58,7,1
90260.28,Salary,INCOME,8,555.0,18,1
69848.04,Travel,INCOME,20,572.27,7,1
60958.24,Other,EXPENSE,15,563.3,0,1
88078.78,Bills,EXPENSE,19,321.65,16,1
60279.85,Salary,INCOME,2,449.48,6,1
27657.23,Travel,INCOME,1,473.75,7,1
32755.08,Other,INCOME,17,146.12,8,0
48495.54,Shopping,EXPENSE,20,188.2,19,1
29597.18,Food,EXPENSE,16,798.85,9,1
37632.09,Salary,EXPENSE,9,260.99,4,0
2930.68,Salary,INCOME,2,368.63,4,1
38232.84,Travel,INCOME,10,107.74,8,0
19818.18,Entertainment,INCOME,9,162.9,4,0
1744.77,Food,INCOME,17,477.1,4,0
72064.1,Entertainment,EXPENSE,20,434.26,10,1
32694.72,Other,EXPENSE,20,282.91,18,0
3986.18,Entertainment,EXPENSE,23,717.27,4,1
92698.53,Travel,EXPENSE,3,522.78,7,1
36063.68,Shopping,INCOME,2,412.64,2,1
54533.88,Entertainment,INCOME,20,789.73,4,1
8992.9,Travel,INCOME,5,115.25,8,0
5698.59,Salary,EXPENSE,1,642.9,7,1
4265.48,Other,EXPENSE,4,954.42,4,1
32328.88,Other,INCOME,0,510.25,9,1
66980.73,Salary,INCOME,17,67.96,6,1
20923.22,Entertainment,INCOME,0,349.38,2,1
36843.42,Other,EXPENSE,12,212.78,17,1
62786.6,Entertainment,INCOME,8,556.26,16,1
83490.49,Other,INCOME,10,195.77,8,1
65063.74,Bills,EXPENSE,14,603.37,20,1
77013.17,Travel,EXPENSE,3,41.66,3,1
87429.72,Travel,INCOME,22,674.21,18,1
36125.79,Food,EXPENSE,18,890.21,8,1
2430.06,Food,EXPENSE,5,860.36,6,1
72008.21,Salary,INCOME,14,984.23,19,1
92085.85,Bills,INCOME,21,857.36,7,1
10770.8,Food,EXPENSE,19,50.03,0,0
93019.43,Shopping,INCOME,12,728.75,5,1
36836.57,Salary,EXPENSE,13,741.85,11,1
41777.83,Food,INCOME,1,898.52,9,1
45719.92,Other,EXPENSE,3,919.41,0,1
93207.72,Travel,EXPENSE,3,86.1,7,1
88649.68,Salary,INCOME,8,22.56,18,1
73156.83,Travel,EXPENSE,2,397.54,12,1
49767.47,Other,INCOME,13,175.02,0,1
4451.17,Food,INCOME,22,281.57,15,0
26765.08,Salary,INCOME,6,234.82,14,0
99583.95,Food,INCOME,17,952.15,15,1
71571.15,Salary,EXPENSE,9,364.03,19,1
82080.38,Entertainment,EXPENSE,11,658.6,11,1
54099.66,Shopping,INCOME,13,173.96,12,1
98352.1,Other,INCOME,4,814.23,15,1
40812.19,Bills,EXPENSE,19,253.2,4,0
35898.94,Bills,INCOME,17,861.8,5,1
34378.2,Other,EXPENSE,19,341.65,20,0
15984.83,Other,EXPENSE,6,824.69,12,1
41926.66,Food,EXPENSE,16,103.82,0,1
55067.33,Travel,EXPENSE,21,709.75,10,1
32582.46,Other,INCOME,17,936.93,16,1
39310.33,Entertainment,INCOME,23,408.0,3,0
64408.03,Travel,EXPENSE,22,0.6,16,1
49545.53,Food,INCOME,7,755.8,9,1
54219.59,Food,EXPENSE,0,16.22,9,1
18612.13,Other,EXPENSE,2,253.43,3,1
35783.55,Bills,EXPENSE,22,597.56,10,0
20884.42,Bills,INCOME,20,614.8,1,0
97702.5,Bills,INCOME,11,31.04,15,1
38406.34,Entertainment,EXPENSE,13,688.59,19,0
94914.77,Salary,INCOME,0,379.97,15,1
8728.52,Shopping,EXPENSE,2,245.39,20,1
45495.89,Salary,INCOME,7,603.61,15,0
31015.87,Other,INCOME,6,613.72,3,1
12882.0,Other,EXPENSE,16,444.43,16,0
27510.38,Entertainment,INCOME,17,653.7,1,0
11810.97,Entertainment,INCOME,5,902.26,9,1
4029.66,Entertainment,INCOME,13,109.67,4,0
7728.22,Bills,INCOME,7,5.69,20,0
77257.64,Food,INCOME,5,223.42,18,1
22911.82,Bills,EXPENSE,3,164.43,4,1
94669.91,Entertainment,EXPENSE,14,496.15,13,1
52541.26,Salary,INCOME,20,543.48,13,1
27926.28,Entertainment,INCOME,2,65.18,8,1
66487.0,Bills,INCOME,16,919.27,4,1
16241.43,Entertainment,EXPENSE,21,196.52,17,0
26337.52,Food,EXPENSE,18,413.26,17,0
20284.6,Shopping,EXPENSE,23,701.47,0,1
51044.09,Food,EXPENSE,16,665.91,18,1
30369.25,Other,EXPENSE,10,920.73,15,1
18907.27,Bills,INCOME,15,214.12,5,0
63357.99,Entertainment,EXPENSE,4,667.08,16,1
76063.78,Bills,EXPENSE,18,164.73,20,1
83985.11,Shopping,EXPENSE,8,406.39,13,1
32082.73,Bills,EXPENSE,6,671.66,11,0
60663.33,Other,EXPENSE,23,907.51,15,1
79057.24,Bills,EXPENSE,7,598.98,9,1
7551.79,Entertainment,EXPENSE,13,66.33,2,0
77715.95,Other,EXPENSE,11,277.39,8,1
80690.8,Shopping,INCOME,17,605.3,9,1
47017.69,Bills,INCOME,22,589.56,17,0
60540.22,Salary,EXPENSE,15,337.08,15,1
53297.27,Entertainment,EXPENSE,8,629.12,8,1
59463.66,Travel,INCOME,10,907.22,18,1
97235.45,Travel,INCOME,16,676.1,8,1
42413.62,Salary,EXPENSE,19,890.55,4,1
68848.8,Travel,INCOME,22,542.78,10,1
46295.91,Entertainment,EXPENSE,3,724.59,9,1
20613.1,Other,INCOME,5,887.27,15,1
39193.44,Salary,INCOME,18,459.08,10,0
60618.08,Shopping,EXPENSE,12,813.11,12,1
18933.36,Shopping,INCOME,14,934.75,17,1
27745.31,Entertainment,INCOME,6,265.7,13,0
48981.48,Food,INCOME,13,386.88,3,0
12335.51,Other,EXPENSE,1,847.17,8,1
53545.5,Travel,EXPENSE,23,686.72,6,1
66046.68,Food,EXPENSE,3,337.61,19,1
28454.6,Travel,EXPENSE,7,618.31,18,0
92788.76,Shopping,EXPENSE,4,22.95,18,1
22026.24,Other,INCOME,6,541.71,0,1
9163.22,Salary,INCOME,15,124.56,7,0
22136.3,Bills,EXPENSE,5,917.63,8,1
23915.14,Shopping,INCOME,18,860.9,12,1
23256.46,Other,EXPENSE,13,712.43,14,1
88817.44,Other,INCOME,0,541.26,8,1
67347.45,Bills,INCOME,10,20.72,16,1
83829.98,Entertainment,EXPENSE,11,144.52,2,1
69907.94,Bills,EXPENSE,12,207.13,10,1
27450.47,Salary,INCOME,7,379.44,15,0
68664.89,Entertainment,EXPENSE,20,697.58,14,1
2236.84,Entertainment,INCOME,11,380.97,15,0
44560.49,Bills,EXPENSE,13,254.93,7,0
91164.28,Shopping,INCOME,5,168.54,18,1
59930.57,Other,EXPENSE,1,979.16,11,1
22896.59,Salary,EXPENSE,2,615.45,17,1
7971.57,Shopping,INCOME,4,293.15,13,1
91600.49,Travel,INCOME,9,166.63,2,1
9272.48,Food,EXPENSE,9,547.94,13,0
23662.71,Other,EXPENSE,19,712.53,2,1
26940.96,Other,EXPENSE,17,124.14,14,0
36924.61,Travel,EXPENSE,17,932.15,7,1
32581.51,Travel,INCOME,16,813.31,16,1
5732.16,Travel,EXPENSE,1,469.07,4,1
60916.46,Shopping,INCOME,14,245.79,5,1
71357.3,Travel,EXPENSE,2,982.86,4,1
46104.23,Other,INCOME,21,754.26,17,1
40419.65,Entertainment,INCOME,20,943.29,11,1
57768.31,Other,INCOME,8,523.47,13,1
85799.79,Travel,EXPENSE,6,73.42,11,1
11597.84,Bills,INCOME,12,299.52,0,0
19910.35,Food,EXPENSE,13,775.07,4,1
59063.47,Other,EXPENSE,20,793.76,12,1
1686.99,Travel,INCOME,8,486.78,14,0
37188.13,Travel,INCOME,4,415.8,1,1
14596.47,Salary,EXPENSE,9,374.04,11,0
38686.36,Salary,INCOME,2,598.24,11,1
55183.09,Food,INCOME,2,352.48,6,1
50696.42,Food,EXPENSE,4,744.34,17,1
2517.12,Travel,INCOME,0,448.36,10,1
46056.08,Entertainment,INCOME,9,367.97,16,0
88359.13,Other,INCOME,13,763.64,1,1
54821.58,Salary,EXPENSE,4,932.95,12,1
71441.4,Salary,INCOME,4,142.21,6,1
38419.76,Bills,EXPENSE,1,44.01,0,1
19489.62,Entertainment,EXPENSE,13,799.47,4,1
56840.27,Travel,EXPENSE,2,163.39,1,1
48292.32,Food,EXPENSE,14,915.13,5,1
49373.55,Food,INCOME,10,616.8,11,0
95569.06,Shopping,INCOME,20,664.94,16,1
68211.63,Salary,INCOME,19,778.3,7,1
2271.41,Bills,INCOME,10,939.94,9,1
72441.47,Bills,EXPENSE,18,300.34,8,1
14839.8,Travel,EXPENSE,7,464.35,4,0
69753.3,Entertainment,INCOME,13,742.52,13,1
29943.5,Travel,EXPENSE,19,481.17,2,0
92616.14,Food,INCOME,12,815.06,4,1
97836.94,Shopping,INCOME,3,308.01,15,1
49211.48,Bills,EXPENSE,12,430.11,7,0
61076.74,Travel,INCOME,5,597.98,18,1
8333.69,Food,EXPENSE,23,8.49,17,0
89663.3,Other,EXPENSE,1,2.09,5,1
29177.73,Other,INCOME,21,685.66,11,0
8797.64,Travel,INCOME,10,99.97,18,0
3999.4,Food,EXPENSE,5,897.06,15,1
59357.35,Entertainment,EXPENSE,19,284.44,2,1
85246.92,Travel,EXPENSE,15,606.48,9,1
85223.04,Salary,EXPENSE,22,472.66,14,1
50912.14,Shopping,INCOME,13,806.97,7,1
84719.93,Salary,INCOME,6,240.68,4,1
3727.93,Food,EXPENSE,4,107.67,14,1
72290.83,Shopping,INCOME,22,319.95,7,1
43561.72,Food,INCOME,22,209.77,15,0
36452.72,Bills,EXPENSE,11,66.06,1,0
80372.56,Bills,EXPENSE,15,463.5,12,1
86264.31,Bills,EXPENSE,10,745.28,13,1
95808.61,Other,EXPENSE,0,869.17,5,1
41609.31,Bills,INCOME,4,42.03,4,1
60411.99,Shopping,EXPENSE,23,180.51,1,1
63172.22,Salary,INCOME,19,373.02,0,1
77168.22,Entertainment,EXPENSE,6,147.81,16,1
39099.48,Entertainment,EXPENSE,13,769.71,1,1
71924.77,Entertainment,INCOME,17,996.79,14,1
33293.91,Bills,EXPENSE,15,829.55,13,1
91414.82,Entertainment,EXPENSE,10,834.8,7,1
30063.24,Salary,EXPENSE,7,668.43,18,0
26573.32,Entertainment,EXPENSE,1,221.8,14,1
274.93,Food,EXPENSE,8,535.26,17,0
1683.52,Other,INCOME,19,663.31,15,0
21380.78,Salary,INCOME,3,855.23,12,1
32892.31,Entertainment,EXPENSE,0,685.08,2,1
24597.35,Bills,EXPENSE,3,129.88,8,1
29267.05,Shopping,INCOME,5,905.95,6,1
36174.89,Other,INCOME,9,997.89,17,1
7668.77,Travel,EXPENSE,0,953.59,2,1
79452.93,Shopping,EXPENSE,3,764.9,10,1
76611.68,Other,INCOME,16,122.1,19,1
8372.65,Other,EXPENSE,11,176.4,6,0
25065.08,Food,EXPENSE,2,162.29,10,1
81531.03,Entertainment,EXPENSE,15,991.11,20,1
34051.07,Bills,INCOME,3,807.28,12,1
19054.86,Salary,INCOME,18,747.73,2,1
74477.89,Other,INCOME,17,770.84,12,1
36918.64,Food,EXPENSE,14,188.08,18,0
98766.86,Shopping,INCOME,13,749.73,0,1
86207.58,Food,EXPENSE,3,594.65,17,1
59308.91,Bills,INCOME,17,996.14,10,1
81092.39,Other,INCOME,7,312.06,13,1
85872.76,Food,INCOME,21,964.08,4,1
81578.55,Travel,INCOME,10,849.74,2,1
36410.33,Bills,INCOME,23,299.82,0,1
28551.26,Travel,EXPENSE,4,931.41,19,1
10057.26,Food,EXPENSE,8,768.0,10,1
18302.76,Travel,EXPENSE,7,49.08,9,0
55043.33,Entertainment,EXPENSE,22,548.94,18,1
54629.16,Entertainment,INCOME,3,895.33,1,1
87802.53,Food,INCOME,8,741.09,4,1
94900.93,Entertainment,EXPENSE,3,891.4,1,1
36144.76,Entertainment,EXPENSE,8,158.81,17,0
24795.2,Shopping,EXPENSE,5,648.49,18,0
10432.19,Other,EXPENSE,15,218.42,4,0
95731.29,Other,EXPENSE,13,5.29,16,1
57690.24,Salary,EXPENSE,15,547.56,1,1
61345.13,Bills,EXPENSE,16,292.71,4,1
59097.47,Entertainment,INCOME,8,249.03,3,1
25537.18,Entertainment,INCOME,0,977.82,12,1
74691.22,Salary,EXPENSE,18,184.36,20,1
96719.08,Travel,EXPENSE,22,40.21,7,1
73138.69,Salary,INCOME,4,965.22,8,1
57478.74,Salary,EXPENSE,22,110.77,0,1
34168.63,Bills,EXPENSE,4,724.31,3,1
32544.91,Bills,INCOME,21,518.87,8,0
20194.82,Salary,EXPENSE,6,389.21,6,0
85818.45,Salary,EXPENSE,15,488.91,8,1
25248.52,Bills,INCOME,5,61.4,1,0
52451.99,Travel,INCOME,3,881.31,4,1
17747.15,Other,EXPENSE,15,785.7,16,1
45470.18,Shopping,EXPENSE,14,200.92,8,1
96352.64,Shopping,EXPENSE,15,220.57,4,1
23480.38,Bills,INCOME,7,986.49,17,1
93400.93,Food,INCOME,23,370.83,8,1
27217.62,Salary,INCOME,23,403.71,2,0
88486.62,Travel,INCOME,8,809.71,17,1
57462.65,Entertainment,EXPENSE,20,497.04,16,1
95864.22,Shopping,INCOME,18,341.3,15,1
10891.2,Shopping,INCOME,8,696.03,8,0
62903.26,Salary,INCOME,3,379.92,19,1
24526.16,Food,INCOME,11,471.38,7,0
49340.4,Bills,EXPENSE,22,76.27,18,0
23168.88,Other,EXPENSE,6,467.08,17,0
7306.77,Salary,INCOME,22,135.72,6,0
9730.78,Shopping,EXPENSE,18,409.14,8,0
88985.67,Travel,EXPENSE,10,923.57,19,1
80551.31,Other,EXPENSE,1,476.01,8,1
65746.84,Salary,EXPENSE,15,817.07,6,1
88752.45,Food,EXPENSE,16,582.88,18,1
42739.22,Shopping,INCOME,14,556.29,5,1
9796.24,Salary,EXPENSE,21,275.26,5,0
23460.24,Food,EXPENSE,6,827.28,6,1
46112.47,Salary,INCOME,7,618.65,1,0
91228.51,Travel,INCOME,20,756.59,9,1
43210.66,Salary,EXPENSE,5,473.73,0,1
3561.19,Travel,INCOME,3,84.83,5,1
15416.28,Food,INCOME,7,699.69,5,0
52050.17,Entertainment,INCOME,14,157.4,19,1
56751.0,Bills,INCOME,5,610.95,14,1
26059.86,Travel,EXPENSE,6,405.82,12,0
46513.6,Food,EXPENSE,22,126.78,1,0
70041.94,Other,EXPENSE,17,479.32,20,1
73774.35,Travel,EXPENSE,16,179.79,7,1
24086.27,Food,EXPENSE,7,539.0,2,0
53779.77,Shopping,INCOME,10,548.91,5,1
49076.31,Other,EXPENSE,4,802.87,7,1
8983.84,Travel,INCOME,2,422.12,20,1
73787.22,Shopping,INCOME,5,681.34,10,1
76559.67,Other,EXPENSE,21,690.88,0,1
16534.15,Salary,EXPENSE,2,687.96,15,1
9871.15,Other,INCOME,1,787.47,19,1
15020.04,Shopping,INCOME,12,672.18,16,0
75265.31,Shopping,EXPENSE,2,545.78,4,1
57659.68,Bills,INCOME,15,522.22,2,1
82444.48,Shopping,EXPENSE,10,379.45,1,1
46757.91,Food,EXPENSE,0,662.04,7,1
63684.96,Food,INCOME,23,515.89,16,1
37803.23,Food,EXPENSE,13,149.27,8,0
99067.22,Shopping,EXPENSE,11,310.13,5,1
37563.79,Food,EXPENSE,20,469.77,13,0
41047.84,Other,INCOME,19,355.08,0,1
77872.45,Other,EXPENSE,4,64.51,8,1
92817.45,Other,INCOME,8,834.9,3,1
91527.73,Salary,EXPENSE,8,625.58,8,1
64395.55,Entertainment,INCOME,15,880.45,7,1
37839.89,Other,EXPENSE,16,647.74,12,0
15528.35,Food,EXPENSE,22,400.08,9,0
52196.26,Salary,INCOME,13,297.59,0,1
42008.98,Salary,EXPENSE,11,722.25,16,1
10454.08,Other,INCOME,2,461.97,1,1
29197.95,Salary,INCOME,5,354.68,11,0
86634.03,Food,EXPENSE,12,788.66,11,1
68334.18,Shopping,EXPENSE,23,23.26,2,1
30807.56,Other,INCOME,9,512.98,16,0
91809.24,Other,EXPENSE,23,108.97,7,1
50121.93,Travel,INCOME,10,725.49,4,1
83183.75,Food,INCOME,1,289.7,20,1
85303.89,Travel,EXPENSE,6,208.94,11,1
52644.94,Entertainment,INCOME,22,122.18,7,1
80604.5,Food,EXPENSE,22,599.86,16,1
87865.72,Food,EXPENSE,19,975.59,7,1
63105.82,Travel,INCOME,6,134.71,20,1
22610.47,Bills,EXPENSE,23,76.84,2,0
61206.92,Entertainment,INCOME,10,991.42,3,1
50093.32,Bills,EXPENSE,0,911.51,6,1
99726.45,Food,EXPENSE,10,778.63,3,1
83767.8,Entertainment,EXPENSE,7,688.4,10,1
70298.72,Shopping,INCOME,19,119.7,13,1
88234.01,Salary,EXPENSE,12,367.9,11,1
5841.61,Shopping,EXPENSE,3,870.84,20,1
28719.28,Entertainment,INCOME,7,231.35,16,0
83814.62,Entertainment,EXPENSE,13,194.71,5,1
60676.5,Entertainment,EXPENSE,2,240.14,8,1
41855.98,Food,INCOME,1,695.42,9,1
53633.7,Salary,EXPENSE,11,630.48,10,1
93562.45,Bills,INCOME,23,46.36,3,1
12922.21,Other,EXPENSE,1,943.85,1,1
20358.06,Bills,INCOME,19,88.38,0,1
68506.56,Food,INCOME,23,212.85,5,1
25439.99,Shopping,INCOME,1,817.4,16,1
43652.23,Food,INCOME,20,847.43,13,1
64432.89,Travel,EXPENSE,16,831.39,9,1
4082.17,Travel,INCOME,17,4.96,16,0
78035.31,Shopping,INCOME,7,476.89,17,1
52884.37,Bills,EXPENSE,6,233.75,11,1
12457.51,Food,INCOME,14,691.11,0,0
4796.75,Shopping,EXPENSE,9,285.76,5,0
71479.54,Bills,INCOME,18,807.32,12,1
70630.86,Entertainment,INCOME,19,572.72,12,1
65694.28,Other,INCOME,2,889.15,9,1
78363.9,Entertainment,INCOME,20,951.94,7,1
56555.72,Shopping,EXPENSE,16,887.34,18,1
97486.63,Travel,EXPENSE,6,108.35,7,1
14172.16,Bills,INCOME,18,559.85,1,0
69982.77,Entertainment,INCOME,4,397.99,3,1
41799.48,Food,INCOME,5,749.28,9,1
99469.45,Travel,EXPENSE,10,670.15,19,1
65036.45,Entertainment,EXPENSE,21,897.07,0,1
98094.62,Other,EXPENSE,11,960.02,3,1
90229.74,Entertainment,INCOME,10,29.94,4,1
76322.37,Entertainment,EXPENSE,13,660.92,2,1
38274.27,Bills,INCOME,13,630.35,6,1
48218.81,Bills,EXPENSE,21,830.61,4,1
80732.88,Shopping,INCOME,3,251.93,6,1
39897.12,Travel,EXPENSE,18,796.28,9,1
27226.55,Food,EXPENSE,5,478.42,7,1
66788.25,Entertainment,INCOME,19,390.67,12,1
5562.33,Other,INCOME,16,202.06,2,0
81440.66,Shopping,EXPENSE,1,945.34,12,1
61226.16,Shopping,EXPENSE,9,629.86,2,1
32173.21,Bills,INCOME,5,862.9,16,1
58267.12,Bills,INCOME,20,143.65,11,1
28016.03,Food,INCOME,14,442.69,9,0
5865.29,Bills,EXPENSE,23,403.22,13,0
59651.39,Shopping,EXPENSE,17,798.67,15,1
82609.3,Bills,EXPENSE,5,565.42,19,1
77785.1,Food,INCOME,16,674.63,8,1
19567.09,Travel,INCOME,7,89.19,4,0
31454.31,Salary,EXPENSE,6,344.74,12,0
54491.31,Food,INCOME,0,204.92,5,1
7905.53,Travel,EXPENSE,12,112.62,13,0
51353.78,Salary,INCOME,4,467.73,17,1
34529.27,Food,EXPENSE,6,447.49,17,0
26496.64,Food,EXPENSE,18,323.02,4,0
29436.95,Food,EXPENSE,13,275.39,1,0
20528.79,Shopping,EXPENSE,12,470.4,3,0
90509.03,Salary,INCOME,21,513.39,5,1
83404.09,Salary,EXPENSE,15,894.27,18,1
18280.08,Salary,EXPENSE,8,519.42,13,0
54635.2,Salary,INCOME,23,686.78,14,1
42630.75,Other,EXPENSE,17,243.03,3,0
17762.8,Salary,INCOME,13,29.16,7,0
44991.84,Salary,EXPENSE,15,785.61,18,1
63683.18,Bills,EXPENSE,14,478.32,1,1
93822.53,Travel,INCOME,16,779.89,4,1
1595.41,Other,EXPENSE,12,540.62,2,0
17135.48,Travel,INCOME,10,673.88,2,0
67890.78,Salary,INCOME,0,777.29,17,1
93709.02,Salary,INCOME,12,569.43,2,1
77020.52,Travel,EXPENSE,18,138.74,18,1
45699.74,Entertainment,EXPENSE,17,590.63,8,0
62362.53,Entertainment,INCOME,17,868.08,5,1
91862.67,Other,INCOME,1,951.4,7,1
54251.12,Salary,INCOME,16,969.07,20,1
88254.99,Shopping,EXPENSE,20,84.01,11,1
54591.95,Bills,EXPENSE,22,654.83,2,1
17945.28,Entertainment,INCOME,14,390.5,6,0
97212.35,Travel,EXPENSE,19,452.01,12,1
96354.19,Food,INCOME,15,610.43,15,1
15034.21,Entertainment,INCOME,16,497.23,4,0
12992.28,Entertainment,EXPENSE,15,994.19,1,1
53237.46,Salary,EXPENSE,12,643.55,20,1
36899.66,Salary,INCOME,0,663.57,11,1
39045.94,Salary,INCOME,21,456.64,1,0
12526.31,Shopping,EXPENSE,23,342.63,11,0
18296.48,Entertainment,INCOME,14,593.59,6,0
82655.52,Entertainment,INCOME,5,638.3,20,1
68368.38,Salary,INCOME,12,830.31,7,1
19497.05,Entertainment,EXPENSE,10,404.9,8,0
68068.92,Shopping,EXPENSE,17,761.5,15,1
94505.19,Bills,EXPENSE,18,171.86,18,1
69475.04,Shopping,INCOME,3,223.55,16,1
71076.0,Shopping,INCOME,0,951.63,15,1
95628.08,Other,INCOME,0,609.88,15,1
28766.11,Shopping,EXPENSE,0,194.16,20,1
87781.12,Entertainment,EXPENSE,3,913.88,19,1
4736.64,Entertainment,INCOME,18,236.02,1,0
36454.16,Bills,INCOME,2,325.25,14,1
82768.55,Travel,EXPENSE,6,728.93,11,1
21486.04,Bills,INCOME,23,845.88,16,1
79890.43,Bills,INCOME,1,16.06,19,1
84668.18,Salary,EXPENSE,9,950.39,2,1
35418.26,Bills,INCOME,19,529.21,3,0
52395.91,Entertainment,EXPENSE,19,732.5,4,1
722.32,Shopping,EXPENSE,7,844.7,16,1
76710.24,Bills,EXPENSE,4,935.17,17,1
80948.7,Bills,INCOME,1,955.55,18,1
79239.94,Bills,INCOME,8,298.65,5,1
70624.86,Entertainment,INCOME,23,893.17,8,1
33986.64,Entertainment,INCOME,11,796.6,10,1
84165.56,Shopping,EXPENSE,16,128.9,19,1
96765.06,Other,INCOME,10,25.4,0,1
4335.35,Other,INCOME,11,639.17,18,0
23247.35,Travel,EXPENSE,20,877.37,3,1
86855.09,Food,EXPENSE,0,323.98,15,1
20448.92,Salary,INCOME,17,738.16,3,1
28472.08,Entertainment,INCOME,12,586.43,15,0
96311.37,Salary,EXPENSE,13,449.0,20,1
71950.11,Shopping,INCOME,4,746.9,4,1
51555.64,Salary,EXPENSE,11,287.91,2,1
80548.21,Travel,EXPENSE,23,133.73,2,1
60677.59,Other,EXPENSE,20,304.87,2,1
73842.73,Food,EXPENSE,13,262.39,5,1
55296.96,Shopping,EXPENSE,17,165.06,15,1
70631.36,Salary,INCOME,5,786.92,11,1
32118.84,Salary,INCOME,17,627.73,15,0
15517.76,Entertainment,EXPENSE,10,142.45,2,0
77563.03,Salary,INCOME,12,899.65,17,1
10269.88,Food,EXPENSE,22,439.54,3,0
17596.12,Bills,EXPENSE,6,442.9,6,0
65556.84,Travel,EXPENSE,10,181.79,4,1
56709.12,Entertainment,EXPENSE,23,411.94,5,1
73293.87,Other,INCOME,21,853.87,2,1
23665.39,Entertainment,EXPENSE,7,896.71,10,1
70261.9,Travel,EXPENSE,10,555.94,9,1
12259.55,Salary,INCOME,23,743.66,15,1
80833.77,Shopping,EXPENSE,0,571.04,8,1
57782.01,Other,INCOME,19,715.49,3,1
44710.33,Other,INCOME,0,186.79,5,1
16250.85,Shopping,EXPENSE,21,901.07,14,1
91070.82,Salary,EXPENSE,6,490.33,10,1
95126.04,Entertainment,EXPENSE,4,149.24,3,1
36462.51,Salary,EXPENSE,17,188.44,1,0
26567.89,Entertainment,INCOME,19,810.83,14,1
50616.24,Entertainment,INCOME,11,683.6,11,1
35768.56,Travel,INCOME,1,798.69,1,1
27849.11,Shopping,EXPENSE,12,645.41,18,0
57406.54,Food,INCOME,2,346.89,5,1
87207.06,Entertainment,EXPENSE,0,778.94,20,1
77933.09,Salary,INCOME,21,24.03,9,1
27754.56,Other,EXPENSE,1,612.08,6,1
57676.09,Bills,EXPENSE,6,686.77,15,1
96743.09,Travel,INCOME,1,633.29,4,1
15782.58,Other,INCOME,13,466.55,4,0
60603.44,Salary,EXPENSE,3,112.71,12,1
91332.86,Food,EXPENSE,19,721.67,14,1
34326.75,Salary,INCOME,7,197.95,19,0
21448.22,Shopping,EXPENSE,13,380.28,6,0
66050.7,Bills,INCOME,16,103.63,9,1
9055.54,Food,INCOME,20,524.82,10,0
57664.13,Shopping,EXPENSE,4,596.32,12,1
84007.14,Entertainment,EXPENSE,22,846.87,11,1
83972.62,Food,EXPENSE,6,715.67,18,1
12863.92,Salary,INCOME,0,776.36,7,1
11909.1,Shopping,EXPENSE,13,935.17,17,1
36700.73,Shopping,EXPENSE,6,846.34,8,1
88815.82,Other,EXPENSE,0,140.85,15,1
42274.86,Shopping,EXPENSE,15,230.81,15,1
16676.87,Entertainment,EXPENSE,14,718.84,2,1
86203.33,Food,INCOME,7,129.99,9,1
94517.99,Food,INCOME,10,261.06,5,1
68460.65,Salary,EXPENSE,7,701.2,9,1
5911.85,Food,INCOME,12,956.59,18,1
64001.88,Shopping,INCOME,9,622.91,11,1
67722.99,Shopping,INCOME,9,425.17,5,1
25165.56,Other,EXPENSE,4,836.77,8,1
323.07,Food,EXPENSE,3,797.26,16,1
20761.58,Other,INCOME,17,229.85,14,0
76356.25,Food,INCOME,5,423.81,1,1
51709.35,Other,INCOME,14,107.4,18,1
71993.27,Shopping,EXPENSE,14,84.43,16,1
45323.66,Travel,EXPENSE,14,712.62,10,1
4827.45,Other,INCOME,11,969.97,8,1
19989.48,Bills,EXPENSE,3,704.06,0,1
43537.85,Shopping,INCOME,14,425.91,13,1
49642.61,Travel,EXPENSE,17,5.47,6,0
80375.16,Other,EXPENSE,19,402.58,14,1
83841.15,Bills,INCOME,4,78.93,18,1
24092.76,Travel,INCOME,0,32.08,8,1
42585.08,Shopping,INCOME,20,589.31,2,1
5105.23,Entertainment,INCOME,21,467.36,8,0
74914.82,Shopping,EXPENSE,17,768.27,17,1
71504.53,Other,INCOME,18,3.03,7,1
70787.5,Shopping,EXPENSE,1,255.52,19,1
80792.8,Shopping,INCOME,12,783.33,16,1
63906.22,Salary,EXPENSE,6,463.25,14,1
81375.85,Bills,INCOME,3,410.89,12,1
14886.56,Bills,INCOME,1,485.02,18,1
23368.22,Travel,INCOME,13,183.02,16,0
59532.38,Entertainment,EXPENSE,19,446.07,0,1
82263.47,Shopping,EXPENSE,13,848.12,4,1
46753.48,Entertainment,INCOME,17,844.25,3,1
5539.5,Travel,EXPENSE,20,803.25,20,1
84969.46,Entertainment,EXPENSE,7,369.38,19,1
59567.62,Other,INCOME,4,897.45,2,1
96253.8,Salary,INCOME,21,508.22,2,1
92811.17,Shopping,INCOME,17,138.24,3,1
88023.72,Shopping,EXPENSE,18,982.86,16,1
93254.07,Entertainment,EXPENSE,1,811.87,8,1
41907.82,Shopping,INCOME,21,93.7,5,1
38055.98,Food,INCOME,19,403.23,20,0
93418.16,Entertainment,INCOME,21,817.14,8,1
60010.18,Bills,EXPENSE,14,726.21,12,1
99904.86,Other,INCOME,21,635.39,8,1
35496.39,Salary,EXPENSE,8,904.72,2,1
42381.1,Shopping,INCOME,1,494.36,17,1
17744.08,Shopping,EXPENSE,10,722.87,11,1
93104.47,Entertainment,INCOME,5,292.85,1,1
92626.4,Salary,INCOME,19,376.31,17,1
26519.9,Entertainment,INCOME,0,265.64,16,1
6522.75,Food,EXPENSE,17,338.02,12,0
98123.57,Shopping,EXPENSE,20,406.63,17,1
84.31,Entertainment,EXPENSE,8,534.62,17,0
22833.81,Food,INCOME,4,985.01,12,1
99059.99,Other,INCOME,19,575.75,13,1
83310.41,Food,INCOME,2,214.45,3,1
75681.03,Salary,EXPENSE,11,661.18,19,1
16366.35,Other,EXPENSE,22,407.38,7,0
71985.46,Food,INCOME,5,981.01,1,1
32155.69,Entertainment,EXPENSE,12,332.45,0,1
36063.6,Shopping,INCOME,15,144.64,3,1
42920.33,Salary,EXPENSE,6,697.01,8,0
56743.57,Bills,EXPENSE,15,755.61,15,1
93139.23,Food,EXPENSE,22,258.69,17,1
54684.79,Food,EXPENSE,12,461.73,17,1
27186.28,Bills,INCOME,13,516.97,3,0
83981.48,Entertainment,EXPENSE,12,626.59,8,1
61665.99,Entertainment,EXPENSE,22,975.26,12,1
54977.73,Shopping,INCOME,18,312.35,2,1
58855.8,Shopping,EXPENSE,3,124.12,4,1
67968.33,Food,INCOME,11,246.4,12,1
4496.62,Food,EXPENSE,15,78.61,1,0
59620.85,Other,INCOME,6,421.25,7,1
70950.19,Travel,EXPENSE,16,579.27,10,1
5628.35,Bills,EXPENSE,1,24.77,20,1
30148.22,Travel,INCOME,16,971.27,8,1
29367.07,Bills,INCOME,21,865.18,17,1
43162.43,Bills,EXPENSE,10,789.18,8,1
82028.13,Shopping,INCOME,13,865.18,15,1
34024.68,Food,INCOME,9,768.01,7,1
50666.87,Entertainment,EXPENSE,13,130.86,11,1
40473.43,Bills,EXPENSE,20,184.33,13,0
28954.58,Food,INCOME,20,334.0,19,0
92538.96,Food,INCOME,5,855.58,3,1
29446.53,Other,INCOME,13,964.33,15,1
47421.15,Bills,EXPENSE,10,613.27,12,0
7952.55,Shopping,EXPENSE,2,372.51,16,1
25157.54,Other,INCOME,1,6.12,17,1
47484.8,Entertainment,INCOME,15,710.97,17,1
87468.15,Travel,INCOME,14,930.73,0,1
27356.05,Travel,INCOME,8,852.74,20,1
7660.16,Salary,EXPENSE,5,53.47,16,0
73554.81,Bills,INCOME,7,430.08,18,1
86646.52,Entertainment,EXPENSE,14,554.11,20,1
98340.94,Entertainment,EXPENSE,9,127.92,17,1
23294.44,Shopping,INCOME,11,796.92,8,1
67598.27,Bills,INCOME,9,652.82,9,1
33886.99,Travel,EXPENSE,2,111.4,6,1
71306.88,Bills,INCOME,17,614.78,15,1
62097.96,Other,EXPENSE,14,438.39,12,1
24327.48,Shopping,EXPENSE,15,169.72,6,0
55531.13,Bills,EXPENSE,2,897.74,11,1
65522.73,Food,EXPENSE,19,784.04,7,1
25530.25,Salary,EXPENSE,1,386.61,7,1
54554.6,Other,EXPENSE,8,624.13,7,1
22990.36,Shopping,EXPENSE,1,857.84,20,1
51494.49,Salary,INCOME,14,474.17,9,1
6742.74,Bills,INCOME,5,278.85,8,0
95553.37,Shopping,INCOME,13,53.49,17,1
53531.27,Shopping,EXPENSE,15,602.77,6,1
78438.61,Food,EXPENSE,20,686.24,10,1
59595.85,Travel,INCOME,16,512.49,8,1
73547.35,Other,INCOME,18,527.69,4,1
76445.2,Entertainment,EXPENSE,9,993.21,10,1
70322.6,Other,INCOME,3,274.24,14,1
25416.62,Travel,EXPENSE,2,861.85,19,1
96352.51,Salary,INCOME,5,267.8,6,1
64887.31,Entertainment,INCOME,5,521.46,7,1
10365.17,Food,INCOME,0,391.9,5,1
56679.8,Travel,EXPENSE,22,578.07,6,1
12156.6,Other,EXPENSE,0,185.11,5,1
1676.93,Salary,INCOME,14,433.97,3,0
3028.56,Other,INCOME,22,386.23,0,0
81792.09,Travel,INCOME,12,796.86,9,1
72464.37,Entertainment,INCOME,10,649.88,20,1
58983.78,Other,EXPENSE,15,276.36,17,1
19538.99,Shopping,INCOME,18,316.39,3,0
19895.65,Other,EXPENSE,14,835.3,12,1
400.66,Other,INCOME,10,952.5,18,1
83417.41,Shopping,EXPENSE,22,46.08,13,1
66860.77,Bills,INCOME,2,73.83,20,1
37128.3,Other,EXPENSE,22,90.3,7,0
208.49,Bills,INCOME,3,398.82,18,1
61880.45,Food,EXPENSE,11,773.01,6,1
54846.06,Shopping,EXPENSE,12,534.3,18,1
40555.38,Bills,INCOME,0,527.95,17,1
55564.31,Salary,EXPENSE,15,529.14,20,1
61455.8,Shopping,EXPENSE,11,802.85,13,1
45380.75,Food,INCOME,12,23.37,19,0
2276.58,Food,EXPENSE,13,881.18,11,1
96341.06,Entertainment,EXPENSE,12,14.69,2,1
634.14,Entertainment,INCOME,4,940.75,14,1
51074.15,Food,INCOME,15,456.92,2,1
13840.08,Shopping,INCOME,19,184.88,2,0
67313.78,Other,EXPENSE,8,91.9,18,1
13820.19,Shopping,EXPENSE,5,140.91,15,0
58784.11,Bills,EXPENSE,22,881.64,8,1
36675.81,Travel,EXPENSE,17,346.61,9,0
83352.23,Food,INCOME,13,779.5,4,1
57818.89,Travel,INCOME,15,830.5,18,1
73445.02,Food,INCOME,7,925.34,10,1
95066.38,Bills,EXPENSE,6,827.28,8,1
47026.77,Travel,EXPENSE,17,611.03,8,1
8941.49,Entertainment,EXPENSE,5,688.85,14,0
13668.16,Bills,EXPENSE,12,941.6,17,1
79494.39,Shopping,EXPENSE,15,65.91,11,1
64165.97,Other,EXPENSE,2,116.17,11,1
61061.32,Other,INCOME,3,981.05,2,1
42769.0,Salary,EXPENSE,23,362.73,14,0
56972.71,Travel,EXPENSE,1,462.38,13,1
68064.52,Food,INCOME,8,906.05,20,1
50442.79,Other,INCOME,17,711.38,9,1
64603.68,Other,INCOME,13,593.1,18,1
85753.45,Shopping,EXPENSE,19,257.09,15,1
41371.29,Salary,EXPENSE,19,793.03,16,1
97741.55,Travel,INCOME,17,82.64,2,1
33262.4,Travel,INCOME,17,663.99,12,0
18358.43,Bills,INCOME,6,970.82,11,1
52425.59,Other,EXPENSE,10,871.36,4,1
6094.52,Other,INCOME,17,435.42,13,0
58849.19,Travel,INCOME,9,930.95,16,1
30398.79,Travel,INCOME,7,382.63,20,0
29826.63,Travel,EXPENSE,10,333.99,14,0
92704.85,Salary,EXPENSE,12,360.11,19,1
8052.16,Bills,EXPENSE,6,564.57,0,0
54107.17,Shopping,INCOME,3,42.51,20,1
73075.46,Salary,EXPENSE,7,99.73,2,1
46296.84,Entertainment,INCOME,3,601.03,0,1
80553.86,Salary,INCOME,21,389.07,5,1
2428.11,Salary,INCOME,7,315.13,8,0
8361.62,Travel,EXPENSE,2,666.86,5,1
31409.01,Other,INCOME,1,10.58,13,1
69978.62,Food,EXPENSE,10,110.99,6,1
93053.62,Shopping,INCOME,14,633.72,19,1
43834.27,Food,INCOME,3,764.98,6,1
46396.37,Entertainment,EXPENSE,11,708.3,18,1
64409.13,Travel,EXPENSE,1,9.72,12,1
67769.97,Travel,INCOME,23,12.2,18,1
27779.54,Travel,EXPENSE,6,428.41,16,0
97231.78,Shopping,EXPENSE,2,542.76,20,1
9424.84,Travel,INCOME,19,616.6,5,0
35949.46,Other,EXPENSE,11,686.02,10,0
36166.53,Food,EXPENSE,1,407.56,15,1
57782.02,Salary,EXPENSE,12,571.19,17,1
54696.2,Salary,INCOME,15,262.77,7,1
50120.34,Salary,EXPENSE,22,889.76,6,1
57049.09,Shopping,INCOME,18,698.89,11,1
2100.09,Bills,INCOME,14,376.98,5,0
854.59,Travel,INCOME,0,72.88,6,1
31344.71,Travel,INCOME,5,285.87,14,0
18417.84,Food,EXPENSE,21,947.02,4,1
22171.17,Shopping,EXPENSE,2,15.23,1,1
64332.95,Bills,EXPENSE,11,244.29,20,1
54124.34,Bills,INCOME,7,13.94,3,1
39288.58,Travel,EXPENSE,19,927.52,9,1
33484.45,Bills,INCOME,18,556.48,17,0
85728.13,Other,EXPENSE,2,170.99,18,1
31202.9,Bills,EXPENSE,7,953.25,7,1
80420.48,Travel,EXPENSE,22,141.47,11,1
18694.53,Shopping,INCOME,14,889.93,19,1
90737.72,Food,EXPENSE,11,841.85,7,1
55095.54,Travel,EXPENSE,13,700.42,5,1
79536.41,Salary,EXPENSE,2,352.57,16,1
52249.28,Bills,EXPENSE,21,366.04,3,1
77291.62,Entertainment,INCOME,6,535.53,10,1
8201.23,Entertainment,INCOME,18,749.62,15,1
69088.65,Bills,EXPENSE,22,50.34,10,1
47901.08,Other,EXPENSE,2,547.49,12,1
15499.59,Entertainment,INCOME,5,803.71,8,1
88212.69,Other,EXPENSE,21,95.97,16,1
72252.13,Bills,EXPENSE,0,53.97,17,1
29489.83,Travel,EXPENSE,4,662.49,4,1
8913.62,Shopping,INCOME,8,654.83,4,0
86032.42,Salary,EXPENSE,2,421.46,11,1
71068.49,Salary,EXPENSE,21,126.53,20,1
12801.69,Salary,EXPENSE,1,277.0,4,1
13163.49,Salary,INCOME,15,359.18,4,0
10368.38,Shopping,EXPENSE,1,898.51,4,1
41821.97,Food,INCOME,8,395.87,0,1
82496.6,Shopping,EXPENSE,14,456.92,11,1
58476.99,Entertainment,EXPENSE,4,767.91,0,1
99067.3,Food,INCOME,21,883.46,2,1
37843.1,Entertainment,EXPENSE,5,582.04,16,0
94414.03,Food,INCOME,7,842.15,17,1
6734.74,Bills,INCOME,5,150.84,2,0
20342.25,Food,INCOME,15,13.99,1,0
55740.15,Shopping,INCOME,12,460.5,1,1
70057.6,Travel,EXPENSE,18,512.14,12,1
6091.43,Entertainment,INCOME,8,300.5,1,0
43176.94,Travel,INCOME,19,770.21,7,1
34411.8,Shopping,INCOME,5,453.62,4,1
38564.77,Bills,EXPENSE,2,295.52,4,1
78593.75,Salary,EXPENSE,23,343.52,20,1
32090.11,Salary,EXPENSE,3,679.18,16,1
95498.23,Entertainment,INCOME,19,950.37,19,1
62296.33,Bills,EXPENSE,20,240.1,9,1
71136.02,Salary,INCOME,8,220.6,17,1
23980.22,Travel,INCOME,14,974.11,5,1
66687.71,Shopping,EXPENSE,7,245.52,6,1
3521.71,Salary,EXPENSE,2,78.69,11,1
52923.75,Bills,EXPENSE,11,980.14,8,1
46717.1,Salary,INCOME,22,563.72,8,0
79616.8,Bills,INCOME,23,772.09,20,1
19976.86,Travel,INCOME,11,564.32,8,0
93122.77,Entertainment,INCOME,2,430.91,8,1
17749.47,Shopping,INCOME,0,535.49,0,1
92533.04,Entertainment,INCOME,16,87.54,10,1
39940.14,Travel,INCOME,11,575.72,12,0
44696.09,Food,EXPENSE,0,453.2,8,1
36825.88,Salary,EXPENSE,8,181.59,3,0
28627.23,Salary,INCOME,20,544.46,6,0
89731.2,Bills,EXPENSE,9,776.75,9,1
80968.84,Bills,INCOME,7,657.79,14,1
96107.0,Salary,EXPENSE,0,534.16,3,1
53106.48,Shopping,EXPENSE,4,931.92,2,1
54920.83,Food,INCOME,10,156.42,11,1
65811.25,Salary,EXPENSE,13,889.18,16,1
26013.17,Other,INCOME,1,112.43,6,1
16401.88,Salary,EXPENSE,22,529.04,10,0
82044.56,Travel,INCOME,14,452.97,18,1
68212.76,Bills,EXPENSE,6,468.03,3,1
6241.44,Other,EXPENSE,20,700.27,4,1
93246.28,Food,EXPENSE,11,325.48,16,1
4610.75,Food,EXPENSE,15,856.33,5,1
6617.97,Travel,INCOME,14,662.57,6,0
2695.65,Shopping,EXPENSE,18,692.3,3,0
21800.79,Bills,EXPENSE,15,993.45,1,1
19851.65,Entertainment,INCOME,11,709.19,16,1
17642.23,Salary,EXPENSE,19,644.88,18,0
85601.72,Other,EXPENSE,11,127.82,11,1
35257.28,Other,EXPENSE,7,148.36,4,0
77097.24,Bills,EXPENSE,22,615.95,16,1
17471.92,Shopping,INCOME,15,691.19,7,0
22588.91,Travel,INCOME,13,87.11,11,0
46980.77,Food,EXPENSE,17,976.12,1,1
38939.54,Bills,EXPENSE,16,806.93,6,1
9912.1,Bills,EXPENSE,4,396.43,11,1
95217.41,Entertainment,EXPENSE,17,677.77,20,1
70623.39,Other,INCOME,21,793.76,20,1
70759.77,Shopping,INCOME,12,478.48,10,1
26302.43,Travel,EXPENSE,6,982.15,4,1
16180.51,Salary,EXPENSE,20,106.13,19,0
99713.97,Shopping,EXPENSE,22,815.69,20,1
17904.89,Shopping,INCOME,1,377.03,19,1
33786.51,Shopping,EXPENSE,12,242.24,20,1
47904.91,Other,EXPENSE,2,855.08,3,1
27192.02,Salary,INCOME,8,104.54,7,1
66916.79,Travel,INCOME,3,653.2,10,1
88853.44,Food,EXPENSE,12,174.51,1,1
28718.04,Bills,EXPENSE,18,828.17,15,1
38642.33,Shopping,INCOME,15,45.03,10,1
7318.51,Travel,EXPENSE,11,86.48,8,0
56644.33,Salary,INCOME,10,428.27,0,1
67069.0,Entertainment,INCOME,18,984.77,18,1
54734.82,Shopping,EXPENSE,1,477.16,0,1
1865.11,Travel,INCOME,5,666.66,2,0
65220.3,Food,EXPENSE,23,661.63,4,1
94083.04,Entertainment,EXPENSE,22,430.0,19,1
53221.43,Salary,INCOME,12,36.34,16,1
7465.63,Bills,INCOME,15,231.32,19,0
18578.16,Bills,INCOME,21,764.64,14,1
69560.51,Entertainment,INCOME,20,544.7,11,1
63758.38,Travel,INCOME,6,115.29,2,1
38254.01,Shopping,EXPENSE,0,953.81,18,1
18209.82,Food,EXPENSE,1,158.54,18,1
84224.38,Other,INCOME,15,807.55,8,1
56325.88,Bills,INCOME,15,6.89,1,1
42115.45,Entertainment,INCOME,12,306.17,17,0
43554.08,Bills,INCOME,18,447.83,14,0
88487.11,Food,INCOME,6,385.66,11,1
99061.24,Shopping,INCOME,1,23.05,7,1
69918.21,Bills,EXPENSE,1,588.86,12,1
56526.38,Entertainment,EXPENSE,14,441.38,3,1
56564.99,Shopping,EXPENSE,18,695.95,7,1
5002.06,Shopping,INCOME,23,7.96,11,0
16193.12,Travel,INCOME,13,674.42,13,0
98745.44,Other,INCOME,19,289.98,16,1
55981.13,Entertainment,INCOME,19,393.47,9,1
43490.72,Shopping,INCOME,8,874.66,9,1
30773.79,Shopping,EXPENSE,9,611.99,12,1
60367.89,Travel,EXPENSE,22,944.75,8,1
45116.5,Travel,INCOME,13,263.79,16,0
83685.31,Salary,EXPENSE,4,224.53,18,1
42041.82,Entertainment,INCOME,23,935.18,18,1
53341.2,Other,INCOME,3,249.18,3,1
99770.75,Other,INCOME,4,61.2,5,1
47899.78,Food,INCOME,10,301.36,16,0
28742.19,Salary,INCOME,11,336.68,18,0
77785.71,Food,EXPENSE,0,42.91,8,1
84833.24,Bills,EXPENSE,4,723.53,7,1
82304.9,Travel,INCOME,3,136.36,3,1
86384.25,Shopping,INCOME,11,528.77,19,1
33110.2,Shopping,INCOME,0,555.38,13,1
7934.19,Entertainment,EXPENSE,2,261.09,11,1
18955.8,Salary,INCOME,12,387.89,2,0
93458.15,Entertainment,INCOME,1,885.02,9,1
19089.85,Bills,EXPENSE,21,740.86,1,1
19530.54,Bills,INCOME,5,265.12,6,0
1920.72,Travel,INCOME,22,579.45,16,0
67495.98,Salary,INCOME,17,831.2,1,1
90165.57,Salary,INCOME,22,707.85,4,1
28093.95,Other,EXPENSE,4,886.12,20,1
66283.28,Bills,INCOME,9,64.41,8,1
3802.11,Travel,INCOME,1,155.17,17,1
83479.78,Food,EXPENSE,5,815.07,19,1
42241.32,Shopping,EXPENSE,14,751.61,5,1
13390.98,Travel,EXPENSE,0,136.29,4,1
57383.01,Food,EXPENSE,6,877.81,7,1
19766.99,Bills,INCOME,14,67.72,3,0
42806.24,Bills,INCOME,0,437.54,13,1
47864.89,Entertainment,INCOME,10,249.12,1,0
64193.41,Travel,EXPENSE,2,941.56,5,1
73484.88,Entertainment,INCOME,15,170.63,0,1
71688.05,Other,EXPENSE,1,127.06,9,1
94657.47,Other,EXPENSE,2,454.22,5,1
66208.64,Travel,INCOME,1,881.08,1,1
87873.47,Bills,INCOME,21,883.1,14,1
95846.22,Other,INCOME,20,636.06,15,1
26081.99,Food,EXPENSE,8,50.05,11,0
22777.63,Other,INCOME,4,788.62,15,1
33980.87,Other,EXPENSE,5,155.55,19,0
95580.75,Other,INCOME,12,394.2,17,1
25509.51,Entertainment,EXPENSE,7,485.47,20,0
57361.67,Food,EXPENSE,3,129.99,2,1
11966.62,Bills,EXPENSE,7,696.89,17,0
91825.41,Entertainment,EXPENSE,21,916.33,2,1
4995.9,Other,INCOME,9,693.59,20,0
59846.51,Shopping,EXPENSE,18,971.62,19,1
35528.22,Entertainment,INCOME,23,885.75,3,1
17307.72,Travel,INCOME,12,748.44,7,1
45467.63,Travel,EXPENSE,11,857.16,4,1
37599.26,Bills,INCOME,21,810.91,18,1
38280.89,Travel,EXPENSE,23,735.94,17,1
20275.55,Shopping,INCOME,9,442.82,0,1
84069.75,Bills,INCOME,0,270.96,0,1
1081.92,Shopping,INCOME,16,684.35,2,0
87501.85,Travel,INCOME,15,257.38,5,1
63484.35,Travel,EXPENSE,19,741.08,13,1
18539.4,Bills,INCOME,10,794.79,5,1
56745.51,Food,INCOME,2,885.82,11,1
14218.9,Entertainment,EXPENSE,0,654.12,18,1
15808.91,Entertainment,INCOME,3,71.34,13,1
15205.89,Shopping,INCOME,21,701.13,12,1
24474.16,Salary,EXPENSE,20,408.61,19,0
66424.83,Travel,EXPENSE,13,376.98,10,1
62369.06,Food,INCOME,3,194.53,3,1
53854.06,Other,EXPENSE,1,272.61,17,1
22483.73,Other,EXPENSE,2,818.92,2,1
15226.41,Other,EXPENSE,2,372.11,9,1
91174.07,Food,INCOME,17,153.65,13,1
53601.76,Bills,INCOME,0,103.98,18,1
32705.33,Entertainment,EXPENSE,12,309.3,9,0
83725.31,Salary,EXPENSE,1,794.61,5,1
50272.49,Bills,INCOME,20,524.42,7,1
52102.06,Other,INCOME,20,401.73,12,1
77518.33,Food,INCOME,23,129.3,9,1
11223.72,Travel,INCOME,4,179.05,6,1
30598.55,Food,EXPENSE,9,163.1,8,0
79593.98,Food,INCOME,23,485.6,16,1
56856.78,Other,EXPENSE,2,471.06,19,1
82546.97,Bills,INCOME,18,690.65,3,1
51393.04,Travel,EXPENSE,23,549.55,1,1
43227.5,Bills,EXPENSE,23,688.19,5,0
6285.68,Shopping,EXPENSE,23,161.29,10,0
39633.17,Other,EXPENSE,0,321.77,1,1
17987.07,Travel,EXPENSE,17,709.78,11,1
16225.79,Bills,EXPENSE,21,778.35,19,1
45137.63,Entertainment,INCOME,5,822.63,13,1
85786.57,Travel,EXPENSE,16,609.41,12,1
88282.26,Travel,EXPENSE,15,407.51,2,1
63518.22,Salary,INCOME,5,397.65,3,1
55237.39,Other,EXPENSE,0,973.15,6,1
50608.86,Travel,EXPENSE,7,716.9,4,1
54079.4,Entertainment,EXPENSE,11,897.71,14,1
72845.87,Food,INCOME,10,708.25,0,1
89570.52,Bills,INCOME,3,650.64,13,1
72349.0,Other,EXPENSE,0,634.8,17,1
85637.24,Other,INCOME,7,770.32,19,1
60689.55,Bills,EXPENSE,14,918.22,3,1
59362.41,Entertainment,EXPENSE,17,692.78,11,1
17860.6,Salary,EXPENSE,22,821.91,4,1
37718.2,Salary,INCOME,17,384.47,5,0
35422.49,Other,EXPENSE,4,323.67,6,1
50747.62,Entertainment,EXPENSE,10,326.15,19,1
43543.77,Salary,EXPENSE,14,738.17,4,1
60802.59,Bills,INCOME,20,475.18,19,1
59047.05,Shopping,EXPENSE,14,574.09,12,1
56265.46,Entertainment,INCOME,9,686.0,15,1
35226.74,Entertainment,INCOME,12,275.8,16,0
60845.85,Entertainment,INCOME,3,410.95,7,1
45860.64,Salary,INCOME,6,398.67,18,0
53345.14,Bills,INCOME,18,533.7,8,1
1037.14,Entertainment,EXPENSE,21,640.01,12,0
32700.37,Travel,EXPENSE,1,164.03,4,1
3956.5,Bills,INCOME,17,601.83,1,1
54459.2,Shopping,INCOME,11,520.08,7,1
87732.12,Entertainment,EXPENSE,21,804.5,10,1
66692.39,Entertainment,EXPENSE,19,595.0,15,1
85468.31,Food,INCOME,13,984.25,7,1
92549.16,Bills,INCOME,0,47.24,6,1
34524.1,Bills,INCOME,3,592.17,19,1
20370.41,Shopping,INCOME,9,97.09,8,0
19198.61,Bills,INCOME,13,448.83,1,0
48011.24,Salary,EXPENSE,20,118.32,15,0
87824.78,Other,EXPENSE,0,113.0,6,1
88861.13,Food,EXPENSE,7,271.38,9,1
96894.45,Travel,EXPENSE,12,483.95,10,1
55884.68,Bills,INCOME,5,300.88,1,1
78750.37,Travel,EXPENSE,10,910.16,19,1
87230.66,Travel,INCOME,13,768.12,5,1
18120.96,Entertainment,EXPENSE,10,235.91,20,0
29524.78,Other,EXPENSE,8,498.9,15,0
30392.22,Shopping,INCOME,11,597.29,19,1
17113.71,Other,EXPENSE,17,225.22,0,0
8229.47,Travel,INCOME,10,728.65,6,1
70166.6,Other,EXPENSE,0,741.02,12,1
18524.25,Food,EXPENSE,22,779.13,7,1
64027.25,Salary,INCOME,15,157.05,8,1
54580.5,Travel,INCOME,17,320.99,10,1
17138.37,Entertainment,INCOME,5,681.27,11,0
85928.77,Food,INCOME,3,977.5,10,1
61514.03,Bills,EXPENSE,1,335.99,1,1
63691.37,Shopping,INCOME,19,92.75,14,1
26961.04,Travel,INCOME,20,214.82,4,0
87390.81,Salary,INCOME,3,833.27,14,1
58079.07,Salary,INCOME,6,259.96,19,1
33370.34,Bills,EXPENSE,7,195.24,16,0
8360.43,Other,EXPENSE,22,201.04,20,0
60107.49,Travel,INCOME,1,512.98,16,1
17549.5,Entertainment,EXPENSE,11,794.4,15,1
19670.11,Shopping,INCOME,5,315.97,2,0
12266.6,Salary,INCOME,13,326.71,6,0
72907.41,Bills,EXPENSE,3,511.88,3,1
68571.63,Travel,INCOME,8,869.36,15,1
47945.12,Salary,INCOME,5,592.49,12,0
6577.18,Shopping,EXPENSE,6,813.63,4,1
57580.4,Bills,INCOME,8,971.67,10,1
58774.82,Entertainment,EXPENSE,22,36.93,1,1
55432.65,Bills,EXPENSE,18,16.96,7,1
68391.63,Shopping,EXPENSE,3,704.27,17,1
66373.93,Shopping,INCOME,5,650.55,12,1
93791.41,Other,INCOME,19,751.08,19,1
58304.75,Bills,EXPENSE,17,910.84,11,1
88988.8,Shopping,INCOME,16,126.42,16,1
84266.57,Food,EXPENSE,4,71.46,18,1
53904.37,Salary,EXPENSE,4,299.24,17,1
60863.17,Other,INCOME,2,462.12,10,1
52935.63,Shopping,INCOME,3,789.91,6,1
76066.92,Travel,INCOME,16,104.81,5,1
63837.62,Travel,INCOME,13,848.92,3,1
57833.32,Entertainment,INCOME,17,79.79,10,1
88756.42,Food,EXPENSE,3,445.29,18,1
31596.51,Entertainment,INCOME,13,585.2,7,0
37398.2,Salary,INCOME,23,504.59,0,1
46494.71,Salary,EXPENSE,21,318.42,4,0
2046.52,Salary,EXPENSE,3,575.67,18,1
24899.55,Other,EXPENSE,18,984.76,9,1
86620.65,Shopping,EXPENSE,7,723.51,1,1
69023.94,Shopping,EXPENSE,16,717.18,1,1
6146.6,Travel,INCOME,6,714.63,6,1
90582.4,Salary,INCOME,6,379.11,12,1
44015.09,Travel,INCOME,16,720.62,12,1
20938.13,Travel,EXPENSE,22,7.11,10,0
97544.0,Other,INCOME,2,366.72,9,1
24668.71,Salary,INCOME,12,820.41,7,1
56831.58,Shopping,INCOME,3,101.26,9,1
95654.05,Entertainment,EXPENSE,21,134.02,16,1
47180.1,Travel,INCOME,0,855.26,17,1
99677.01,Salary,INCOME,13,4.69,7,1
52147.94,Bills,INCOME,8,68.69,13,1
89335.47,Entertainment,INCOME,10,634.61,6,1
87225.63,Salary,INCOME,13,828.24,1,1
96335.29,Food,EXPENSE,21,560.22,0,1
98013.91,Food,INCOME,4,486.61,6,1
93366.01,Entertainment,EXPENSE,8,633.76,8,1
52910.41,Entertainment,EXPENSE,18,316.99,6,1
57555.68,Entertainment,EXPENSE,13,495.3,8,1
86063.33,Salary,EXPENSE,18,173.7,16,1
85826.71,Entertainment,INCOME,8,871.17,11,1
70705.84,Other,INCOME,17,748.62,14,1
49121.45,Bills,INCOME,6,21.27,13,0
95987.56,Food,EXPENSE,12,839.14,8,1
76578.38,Food,EXPENSE,9,947.11,18,1
52295.61,Food,INCOME,6,548.38,14,1
35946.47,Entertainment,EXPENSE,23,234.04,12,0
47515.89,Food,INCOME,3,232.55,0,1
62287.73,Food,INCOME,6,512.65,20,1
96934.0,Travel,EXPENSE,12,133.24,8,1
96990.35,Shopping,EXPENSE,20,847.38,7,1
61140.75,Salary,INCOME,14,461.83,0,1
27985.87,Food,EXPENSE,22,690.14,18,0
27247.53,Entertainment,EXPENSE,5,270.72,7,0
64342.49,Food,INCOME,22,616.13,3,1
92363.51,Travel,INCOME,17,952.12,0,1
73551.1,Bills,EXPENSE,23,389.77,8,1
57454.91,Travel,EXPENSE,5,373.19,15,1
79355.42,Travel,INCOME,0,265.01,20,1
17280.51,Food,EXPENSE,17,828.44,1,1
30582.6,Entertainment,INCOME,3,687.54,6,1
1249.32,Entertainment,INCOME,14,694.46,5,0
93000.21,Other,EXPENSE,1,594.56,7,1
80268.64,Salary,EXPENSE,2,571.24,6,1
54392.95,Food,EXPENSE,10,464.85,19,1
6040.25,Bills,EXPENSE,4,333.54,18,1
2648.39,Bills,EXPENSE,19,461.48,6,0
3509.0,Bills,EXPENSE,5,93.52,6,0
38098.44,Food,INCOME,2,655.09,15,1
12039.03,Other,INCOME,10,870.14,8,1
79245.1,Bills,EXPENSE,18,167.18,2,1
678.55,Shopping,INCOME,7,407.06,4,0
75969.65,Shopping,EXPENSE,5,360.55,2,1
1588.91,Shopping,EXPENSE,6,911.37,8,1
14234.51,Salary,EXPENSE,18,271.6,14,0
47472.31,Travel,INCOME,19,22.6,5,0
62569.72,Shopping,EXPENSE,7,922.95,15,1
65171.99,Entertainment,INCOME,23,557.19,4,1
34527.39,Salary,INCOME,18,540.05,3,0
13184.75,Food,EXPENSE,10,955.08,17,1
84167.29,Travel,INCOME,17,880.84,9,1
80243.26,Bills,INCOME,15,556.0,16,1
12733.83,Bills,INCOME,1,907.85,16,1
31230.56,Shopping,EXPENSE,16,749.2,14,1
55771.15,Food,EXPENSE,18,32.53,9,1
56747.01,Food,INCOME,9,43.61,12,1
72623.66,Entertainment,EXPENSE,12,607.93,20,1
19778.18,Shopping,EXPENSE,8,540.33,16,0
44932.28,Food,EXPENSE,3,224.0,16,1
27468.39,Travel,EXPENSE,22,855.68,5,1
16691.65,Salary,INCOME,21,938.8,4,1
35960.0,Shopping,EXPENSE,6,761.36,0,1
1866.46,Entertainment,INCOME,7,793.28,12,1
59394.68,Entertainment,EXPENSE,0,516.16,18,1
56834.41,Food,EXPENSE,8,119.11,0,1
95496.75,Other,EXPENSE,12,567.72,20,1
23547.94,Salary,INCOME,6,933.82,18,1
94509.84,Entertainment,INCOME,23,716.36,1,1
54200.61,Salary,INCOME,9,543.33,2,1
86666.75,Entertainment,INCOME,15,999.97,12,1
5113.69,Entertainment,INCOME,21,219.12,13,0
9723.27,Other,EXPENSE,14,82.48,3,0
8562.04,Food,INCOME,22,259.14,16,0
57354.44,Other,INCOME,4,972.78,6,1
80501.74,Salary,EXPENSE,2,363.02,10,1
27809.52,Bills,EXPENSE,14,321.65,18,0
25075.77,Entertainment,INCOME,12,431.94,4,0
9594.28,Entertainment,EXPENSE,8,881.23,0,1
70648.68,Entertainment,EXPENSE,22,507.0,4,1
51358.23,Entertainment,INCOME,0,149.29,12,1
53111.3,Entertainment,EXPENSE,15,262.08,10,1
46783.52,Other,INCOME,20,970.94,13,1
95105.95,Travel,INCOME,14,17.4,9,1
61994.51,Other,EXPENSE,17,701.22,3,1
68677.53,Food,EXPENSE,20,974.55,11,1
28722.13,Other,INCOME,3,883.37,1,1
17330.66,Food,INCOME,13,408.4,1,0
56177.68,Entertainment,EXPENSE,14,86.67,2,1
74576.48,Travel,EXPENSE,4,567.8,20,1
35117.21,Travel,EXPENSE,20,904.45,17,1
1202.26,Salary,INCOME,13,751.43,7,1
77201.79,Salary,INCOME,9,381.84,1,1
30580.88,Travel,EXPENSE,14,418.96,7,0
30019.58,Other,EXPENSE,3,622.04,10,1
36626.8,Salary,EXPENSE,23,309.13,4,0
35004.75,Bills,EXPENSE,15,999.17,17,1
94023.12,Other,EXPENSE,23,679.39,14,1
18368.12,Bills,EXPENSE,16,391.98,13,0
38773.31,Shopping,INCOME,4,855.93,8,1
95641.45,Entertainment,INCOME,13,852.3,14,1
84438.7,Other,INCOME,15,467.08,2,1
57839.2,Salary,EXPENSE,11,15.04,13,1
10929.87,Entertainment,INCOME,16,565.63,9,0
12599.13,Shopping,INCOME,6,307.6,9,0
87876.58,Other,INCOME,17,152.36,3,1
33661.03,Salary,INCOME,8,604.6,11,0
25714.95,Other,EXPENSE,0,969.9,8,1
64299.67,Food,EXPENSE,3,670.58,19,1
19596.7,Entertainment,EXPENSE,16,146.75,7,1
66885.58,Travel,INCOME,7,337.36,18,1
50069.26,Other,EXPENSE,23,64.77,16,1
80147.01,Entertainment,EXPENSE,12,405.15,0,1
9879.04,Food,EXPENSE,5,91.11,11,0
65668.33,Shopping,EXPENSE,23,186.49,0,1
40174.79,Shopping,INCOME,0,823.8,7,1
10092.99,Salary,INCOME,1,987.45,6,1
99950.28,Travel,EXPENSE,19,446.72,18,1
91246.29,Food,EXPENSE,2,807.59,1,1
21025.17,Bills,EXPENSE,7,106.94,15,0
58989.92,Bills,INCOME,1,780.67,3,1
75779.16,Travel,INCOME,21,715.29,1,1
25874.13,Entertainment,INCOME,20,466.66,16,0
36497.62,Food,EXPENSE,2,206.03,14,1
33802.83,Travel,EXPENSE,0,472.55,5,1
67615.77,Other,INCOME,16,744.68,15,1
46824.8,Other,EXPENSE,22,226.7,3,0
10623.07,Food,EXPENSE,19,469.98,4,0
20320.12,Entertainment,INCOME,8,481.12,3,0
48542.21,Other,EXPENSE,1,447.41,13,1
10648.94,Food,EXPENSE,9,547.03,17,0
35222.2,Other,EXPENSE,0,169.72,8,1
29351.36,Other,EXPENSE,6,876.34,5,1
82432.84,Bills,EXPENSE,12,602.46,12,1
84699.25,Shopping,INCOME,21,472.16,12,1
68239.91,Shopping,EXPENSE,13,619.74,3,1
84977.96,Shopping,EXPENSE,2,321.85,3,1
89470.18,Other,EXPENSE,12,72.7,15,1
21797.68,Shopping,EXPENSE,20,522.68,8,0
15696.25,Other,EXPENSE,22,748.06,3,1
86576.97,Entertainment,EXPENSE,9,541.83,9,1
22078.05,Food,INCOME,3,738.59,19,1
7505.7,Food,INCOME,7,46.85,3,0
7173.26,Bills,INCOME,22,550.05,12,0
40457.77,Other,EXPENSE,7,667.75,19,0
23305.62,Entertainment,EXPENSE,2,3.14,0,1
88052.42,Shopping,INCOME,13,259.58,4,1
82035.28,Entertainment,INCOME,3,320.06,7,1
32129.11,Other,EXPENSE,4,546.01,2,1
90765.36,Shopping,EXPENSE,4,234.21,11,1
49800.17,Food,INCOME,11,259.6,12,0
63967.21,Other,INCOME,5,227.08,12,1
29598.8,Shopping,INCOME,23,842.58,11,1
42314.01,Bills,INCOME,4,36.68,2,1
2780.28,Travel,EXPENSE,16,463.85,11,0
26394.27,Salary,INCOME,17,994.91,7,1
72279.88,Travel,EXPENSE,15,318.05,7,1
77642.85,Bills,INCOME,2,840.54,16,1
70582.5,Salary,EXPENSE,12,49.81,18,1
25993.04,Other,INCOME,21,528.08,4,0
18634.35,Entertainment,INCOME,1,448.69,13,1
1078.05,Salary,INCOME,21,206.87,15,0
85973.7,Salary,EXPENSE,10,208.25,17,1
40118.63,Bills,EXPENSE,11,603.74,6,0
43152.18,Entertainment,INCOME,19,52.12,0,1
51725.4,Entertainment,INCOME,18,679.42,5,1
33494.16,Shopping,EXPENSE,8,6.03,0,1
94361.84,Entertainment,EXPENSE,15,200.01,13,1
95701.46,Shopping,INCOME,13,951.54,0,1
68197.06,Salary,INCOME,13,450.23,15,1
88189.5,Bills,INCOME,11,254.69,13,1
58690.32,Other,EXPENSE,7,831.17,16,1
84515.57,Bills,EXPENSE,12,749.58,4,1
20663.89,Food,EXPENSE,5,943.69,4,1
10686.36,Food,INCOME,11,651.25,15,0
12113.17,Bills,EXPENSE,13,164.38,9,0
88309.94,Shopping,EXPENSE,9,268.2,17,1
55368.22,Food,INCOME,5,940.0,13,1
835.97,Entertainment,EXPENSE,5,29.59,5,0
99490.44,Entertainment,EXPENSE,3,996.88,8,1
39782.19,Bills,EXPENSE,1,422.3,0,1
45085.17,Other,EXPENSE,6,806.22,2,1
19442.11,Other,EXPENSE,10,685.25,1,0
19868.54,Travel,INCOME,14,183.54,8,0
22426.48,Food,INCOME,5,563.2,14,0
24204.51,Entertainment,EXPENSE,17,222.29,18,0
39799.97,Shopping,INCOME,1,156.27,11,1
61294.18,Entertainment,INCOME,3,698.88,7,1
22525.39,Bills,EXPENSE,15,180.18,2,0
57280.56,Other,INCOME,7,348.06,1,1
77251.79,Other,INCOME,1,125.44,13,1
45283.62,Salary,INCOME,5,453.62,5,0
30407.05,Travel,INCOME,8,623.43,20,0
2388.32,Salary,EXPENSE,16,859.16,13,1
328.78,Salary,INCOME,11,753.54,0,1
54586.75,Salary,EXPENSE,18,959.83,5,1
16632.1,Other,EXPENSE,11,776.63,9,1
23857.75,Food,INCOME,8,542.21,1,0
17376.6,Travel,INCOME,6,247.27,5,1
16818.88,Shopping,EXPENSE,1,153.96,11,1
80545.8,Shopping,EXPENSE,3,618.19,7,1
28403.81,Other,EXPENSE,7,855.32,18,1
55460.68,Entertainment,INCOME,22,783.37,19,1
77587.7,Travel,EXPENSE,9,849.8,12,1
59229.94,Travel,EXPENSE,17,26.65,18,1
53859.66,Salary,EXPENSE,3,126.33,8,1
9092.06,Entertainment,EXPENSE,14,780.08,19,1
90771.97,Entertainment,EXPENSE,1,117.9,7,1
40178.78,Food,INCOME,14,308.99,11,0
6603.37,Food,INCOME,5,595.3,8,0
56657.4,Bills,INCOME,19,985.98,3,1
18122.11,Bills,EXPENSE,22,229.08,15,0
72268.59,Travel,INCOME,8,473.45,4,1
50894.16,Bills,INCOME,12,102.89,4,1
89041.11,Bills,EXPENSE,14,808.65,7,1
57129.64,Travel,INCOME,10,874.56,8,1
16663.22,Food,EXPENSE,11,691.08,10,0
31813.62,Shopping,EXPENSE,23,771.89,3,1
10551.49,Travel,EXPENSE,16,851.35,15,1
46126.5,Travel,INCOME,14,605.46,4,0
74137.84,Other,EXPENSE,4,970.75,16,1
70834.19,Shopping,INCOME,22,931.77,3,1
73608.58,Food,INCOME,17,483.1,1,1
63423.03,Other,EXPENSE,6,880.63,5,1
98618.42,Bills,INCOME,3,357.97,19,1
16634.62,Bills,INCOME,13,274.94,16,0
50370.45,Other,INCOME,23,527.29,6,1
54171.51,Other,INCOME,22,437.24,15,1
78864.18,Food,INCOME,12,482.26,18,1
36273.14,Travel,INCOME,23,373.23,18,0
55567.14,Travel,EXPENSE,11,8.62,3,1
35299.24,Other,INCOME,5,756.93,9,1
55269.44,Travel,INCOME,5,646.12,2,1
16994.23,Travel,EXPENSE,8,87.19,18,0
59422.46,Other,EXPENSE,19,702.17,13,1
83155.95,Bills,EXPENSE,4,409.91,0,1
83112.86,Shopping,EXPENSE,18,361.31,6,1
47747.54,Shopping,EXPENSE,0,717.18,19,1
73745.52,Food,EXPENSE,7,370.74,6,1
17804.77,Travel,INCOME,14,93.65,18,0
85225.19,Salary,EXPENSE,13,965.09,16,1
48611.06,Food,INCOME,12,280.99,3,0
74848.81,Other,EXPENSE,15,975.62,4,1
21877.94,Entertainment,INCOME,0,14.73,10,1
17387.74,Shopping,INCOME,2,444.69,13,1
85746.1,Salary,EXPENSE,6,983.04,6,1
11510.89,Salary,INCOME,9,712.55,13,1
93872.19,Salary,EXPENSE,12,348.97,9,1
74899.14,Bills,EXPENSE,14,469.87,12,1
47687.05,Bills,EXPENSE,13,858.65,6,1
60460.3,Travel,EXPENSE,8,880.0,2,1
85841.88,Food,INCOME,0,998.01,15,1
56484.96,Travel,INCOME,22,182.75,5,1
21958.31,Shopping,INCOME,8,77.77,15,0
26903.39,Bills,INCOME,6,500.98,12,0
44891.09,Other,EXPENSE,5,358.94,9,0
37003.83,Travel,INCOME,4,418.02,18,1
68837.03,Travel,EXPENSE,16,433.87,8,1
1258.19,Food,INCOME,7,500.86,10,0
31329.58,Salary,INCOME,5,91.37,8,0
78033.98,Entertainment,EXPENSE,1,581.55,7,1
7811.37,Salary,INCOME,1,304.72,20,1
73717.07,Shopping,EXPENSE,14,505.19,16,1
21267.25,Food,INCOME,23,375.18,17,0
84331.97,Other,INCOME,13,256.41,13,1
13180.79,Bills,EXPENSE,12,553.45,2,0
29728.62,Salary,EXPENSE,16,372.77,16,0
57146.77,Food,EXPENSE,14,475.38,5,1
11044.15,Other,INCOME,10,41.01,14,0
83770.91,Bills,EXPENSE,9,976.29,11,1
88236.13,Food,INCOME,1,227.89,7,1
91488.94,Entertainment,EXPENSE,6,27.05,15,1
66603.9,Food,INCOME,15,700.84,3,1
13607.15,Salary,EXPENSE,13,410.31,15,0
64255.19,Other,EXPENSE,19,16.14,16,1
64721.92,Bills,INCOME,6,502.38,10,1
80843.4,Food,INCOME,15,751.43,18,1
30502.76,Other,EXPENSE,22,515.04,19,0
50396.32,Bills,INCOME,0,741.89,10,1
63786.16,Other,EXPENSE,21,636.8,18,1
82852.16,Salary,INCOME,1,262.36,17,1
70030.87,Food,INCOME,21,723.29,0,1
20632.98,Other,EXPENSE,2,402.22,5,1
96217.62,Food,INCOME,6,943.51,18,1
76685.43,Entertainment,EXPENSE,21,995.2,17,1
49079.28,Entertainment,EXPENSE,13,702.43,6,1
23376.37,Food,INCOME,23,914.42,0,1
82244.74,Shopping,INCOME,5,405.23,9,1
20664.37,Salary,EXPENSE,2,674.57,7,1
30283.57,Salary,EXPENSE,3,282.28,18,1
41883.75,Food,INCOME,19,179.63,19,0
53883.89,Travel,EXPENSE,11,258.46,19,1
95861.07,Shopping,EXPENSE,17,912.46,8,1
24573.5,Food,EXPENSE,22,678.29,2,0
53900.78,Bills,INCOME,16,860.03,0,1
37721.67,Salary,INCOME,21,221.79,3,0
64537.72,Entertainment,EXPENSE,3,379.61,8,1
58112.83,Salary,EXPENSE,20,511.0,10,1
93951.26,Other,EXPENSE,3,475.95,19,1
41256.02,Shopping,EXPENSE,14,879.84,6,1
62928.93,Food,EXPENSE,14,159.33,4,1
60083.8,Bills,EXPENSE,20,870.12,9,1
84252.61,Shopping,EXPENSE,21,850.66,14,1
50788.85,Entertainment,INCOME,18,183.85,20,1
27597.23,Food,INCOME,17,2.18,18,0
71937.27,Bills,EXPENSE,5,799.81,12,1
1604.82,Food,EXPENSE,0,240.11,3,1
63578.48,Other,EXPENSE,13,194.62,8,1
21873.29,Other,INCOME,20,650.96,20,0
99832.07,Salary,INCOME,0,81.22,0,1
29558.75,Salary,EXPENSE,9,162.31,11,0
59687.24,Entertainment,EXPENSE,4,956.82,14,1
945.05,Entertainment,INCOME,18,451.35,1,0
37703.42,Other,INCOME,0,131.86,9,1
31858.6,Other,INCOME,1,351.93,7,1
42520.18,Entertainment,EXPENSE,22,532.79,14,0
77899.5,Shopping,EXPENSE,7,873.7,8,1
89891.2,Entertainment,EXPENSE,3,352.28,18,1
49866.38,Entertainment,INCOME,8,939.07,12,1
99906.32,Travel,EXPENSE,13,38.44,12,1
60451.69,Entertainment,INCOME,9,585.31,4,1
31075.67,Other,INCOME,21,905.08,4,1
95134.02,Travel,INCOME,5,165.79,13,1
12924.65,Bills,INCOME,12,72.67,14,0
56941.14,Bills,EXPENSE,6,892.54,12,1
59021.35,Entertainment,EXPENSE,18,914.81,19,1
73414.9,Travel,EXPENSE,10,751.5,15,1
40011.73,Entertainment,INCOME,22,495.43,19,0
91640.64,Bills,EXPENSE,9,121.42,8,1
4933.13,Other,INCOME,19,813.1,3,1
60332.1,Salary,EXPENSE,19,84.64,4,1
2981.63,Food,INCOME,9,49.67,14,0
14722.07,Entertainment,EXPENSE,9,741.19,7,1
87077.98,Salary,EXPENSE,6,300.52,0,1
81162.16,Bills,INCOME,4,901.13,17,1
3365.54,Entertainment,INCOME,20,327.22,12,0
74241.17,Salary,EXPENSE,9,908.59,10,1
70956.62,Travel,EXPENSE,16,182.65,10,1
3146.48,Bills,INCOME,13,608.63,3,0
26138.83,Entertainment,INCOME,4,915.37,18,1
82736.99,Entertainment,EXPENSE,20,987.74,11,1
13214.27,Food,EXPENSE,15,658.88,7,0
327.68,Entertainment,INCOME,13,100.5,16,0
33353.89,Bills,EXPENSE,20,915.35,20,1
29073.45,Other,EXPENSE,9,247.91,9,0
12095.57,Travel,INCOME,7,964.37,6,1
61886.35,Other,INCOME,3,12.73,15,1
19685.11,Travel,EXPENSE,15,990.58,11,1
41933.42,Other,EXPENSE,1,146.61,10,1
74433.87,Entertainment,EXPENSE,18,198.28,15,1
45989.2,Travel,INCOME,23,183.85,9,0
31085.36,Other,INCOME,9,549.95,0,1
49363.56,Food,INCOME,23,958.77,13,1
77457.96,Shopping,EXPENSE,0,691.83,15,1
7667.82,Other,EXPENSE,15,629.87,17,0
97500.07,Food,INCOME,22,238.89,5,1
59329.3,Food,INCOME,11,383.53,8,1
81403.61,Entertainment,INCOME,16,1.46,11,1
7951.42,Salary,EXPENSE,10,895.2,14,1
71845.41,Entertainment,INCOME,21,365.75,19,1
92186.46,Food,INCOME,15,2.69,9,1
24620.7,Other,EXPENSE,22,311.48,9,0
27665.33,Food,EXPENSE,19,923.12,17,1
8189.42,Entertainment,EXPENSE,21,209.01,12,0
16073.85,Salary,EXPENSE,7,513.74,17,0
68465.05,Shopping,EXPENSE,21,444.82,17,1
39204.63,Travel,INCOME,2,970.83,12,1
43761.07,Entertainment,EXPENSE,6,722.37,10,1
13258.51,Food,EXPENSE,19,985.45,9,1
2115.47,Entertainment,EXPENSE,13,487.38,16,0
60531.66,Bills,EXPENSE,19,168.19,3,1
61532.61,Entertainment,INCOME,7,78.86,6,1
91051.33,Other,INCOME,12,100.26,10,1
55376.81,Entertainment,EXPENSE,10,163.01,12,1
65831.05,Food,INCOME,1,295.27,14,1
67239.96,Travel,EXPENSE,0,313.54,19,1
67828.15,Bills,INCOME,8,363.36,8,1
72654.63,Other,EXPENSE,17,678.9,4,1
89545.23,Food,INCOME,2,289.28,2,1
57250.88,Salary,EXPENSE,18,272.3,15,1
99780.33,Travel,INCOME,5,248.2,18,1
327.46,Travel,EXPENSE,4,749.04,2,1
30155.63,Travel,INCOME,15,812.95,14,1
90689.61,Entertainment,INCOME,1,330.64,1,1
4200.92,Bills,EXPENSE,13,829.24,11,1
73106.86,Salary,EXPENSE,20,633.29,8,1
62403.24,Entertainment,EXPENSE,0,859.58,18,1
11870.65,Travel,EXPENSE,23,237.26,0,0
13568.8,Entertainment,INCOME,10,158.08,6,0
46033.8,Shopping,INCOME,22,597.46,7,1
57469.09,Other,EXPENSE,12,41.66,19,1
43066.78,Travel,INCOME,11,917.23,15,1
66175.54,Shopping,INCOME,20,590.54,4,1
28618.71,Entertainment,INCOME,22,285.31,10,0
9101.77,Entertainment,EXPENSE,20,561.06,17,0
34818.68,Shopping,EXPENSE,9,886.32,9,1
39843.78,Bills,EXPENSE,5,597.12,11,0
49357.68,Bills,EXPENSE,10,699.41,12,1
96952.27,Bills,EXPENSE,13,840.36,9,1
3096.81,Food,INCOME,14,863.69,4,1
90184.67,Bills,EXPENSE,4,196.74,2,1
36548.33,Food,INCOME,6,680.9,2,0
67955.1,Salary,EXPENSE,13,497.05,3,1
5444.16,Entertainment,INCOME,18,61.84,4,0
30257.1,Travel,EXPENSE,18,326.4,14,0
5708.61,Bills,INCOME,23,745.34,6,1
81174.47,Salary,INCOME,18,54.41,14,1
93360.9,Food,INCOME,13,964.42,9,1
40491.34,Travel,INCOME,10,388.34,3,0
19521.09,Shopping,INCOME,8,627.2,17,0
54716.52,Food,INCOME,21,468.71,5,1
99382.34,Salary,INCOME,15,801.29,2,1
24473.85,Food,EXPENSE,18,185.61,0,1
43277.04,Travel,EXPENSE,6,850.31,4,1
60390.25,Bills,EXPENSE,21,133.26,18,1
40517.01,Shopping,EXPENSE,5,868.58,4,1
76320.5,Other,INCOME,14,376.06,18,1
25865.82,Bills,INCOME,7,621.95,5,0
53515.0,Shopping,EXPENSE,1,136.66,5,1
9437.38,Salary,EXPENSE,2,423.28,6,1
79847.71,Entertainment,INCOME,9,138.3,9,1
7106.68,Entertainment,EXPENSE,19,9.09,15,0
32142.16,Food,INCOME,8,690.04,4,0
5805.02,Bills,INCOME,13,568.39,19,0
20213.86,Travel,EXPENSE,0,3.78,12,1
98468.9,Travel,EXPENSE,5,773.46,13,1
72484.4,Travel,EXPENSE,15,449.4,14,1
93926.38,Bills,EXPENSE,12,401.81,9,1
2876.3,Other,INCOME,0,207.34,11,1
37876.29,Food,INCOME,19,313.19,19,0
30458.34,Salary,INCOME,2,727.93,1,1
79118.99,Shopping,EXPENSE,4,897.81,8,1
64817.98,Bills,INCOME,11,506.34,13,1
13815.12,Entertainment,EXPENSE,13,830.41,0,1
24548.77,Bills,EXPENSE,16,662.36,11,0
79396.34,Bills,INCOME,13,728.93,9,1
26763.22,Entertainment,INCOME,20,586.2,3,0
21798.05,Entertainment,INCOME,23,574.32,17,0
84219.25,Entertainment,EXPENSE,8,598.74,16,1
58948.27,Entertainment,INCOME,10,14.21,9,1
80053.55,Travel,EXPENSE,13,775.08,13,1
12799.52,Salary,EXPENSE,18,257.26,12,0
10129.39,Salary,EXPENSE,21,867.02,3,1
28867.25,Shopping,EXPENSE,8,16.28,2,0
45070.48,Salary,EXPENSE,4,909.62,18,1
70334.74,Shopping,INCOME,9,172.62,20,1
39799.28,Bills,INCOME,2,847.24,16,1
90903.89,Travel,EXPENSE,14,525.86,17,1
5827.97,Salary,INCOME,2,387.93,1,1
7749.65,Salary,EXPENSE,22,723.34,18,1
40111.36,Bills,INCOME,12,24.5,10,0
68685.52,Entertainment,INCOME,18,775.04,12,1
67843.16,Travel,EXPENSE,19,858.08,14,1
39527.4,Food,EXPENSE,17,59.35,4,0
38449.9,Travel,EXPENSE,3,418.69,11,1
73258.87,Salary,INCOME,8,330.54,16,1
32281.25,Other,INCOME,15,352.07,5,0
43123.79,Food,EXPENSE,1,386.41,14,1
78700.3,Bills,EXPENSE,9,683.29,11,1
38292.32,Shopping,INCOME,3,153.91,8,1
26038.21,Other,INCOME,9,4.94,6,0
40683.26,Entertainment,INCOME,0,512.56,7,1
82067.19,Other,EXPENSE,23,63.52,0,1
40850.52,Food,INCOME,8,153.88,6,0
41150.66,Travel,EXPENSE,22,332.78,1,0
73601.65,Travel,EXPENSE,19,776.86,8,1
21298.49,Salary,EXPENSE,18,770.16,20,1
60759.83,Entertainment,INCOME,18,877.64,4,1
33696.7,Travel,INCOME,3,209.74,12,1
52686.35,Shopping,INCOME,1,464.04,11,1
37795.2,Salary,INCOME,9,987.86,0,1
49851.62,Salary,EXPENSE,18,251.21,0,1
58468.57,Salary,EXPENSE,4,657.86,13,1
71736.84,Shopping,INCOME,4,650.67,1,1
96946.22,Shopping,EXPENSE,10,520.58,19,1
1805.35,Travel,INCOME,4,40.87,3,1
44029.85,Bills,INCOME,9,532.59,14,0
36561.7,Food,INCOME,2,513.49,13,1
99343.31,Salary,EXPENSE,6,3.69,16,1
12957.19,Entertainment,INCOME,20,520.0,12,0
80607.79,Shopping,EXPENSE,18,420.28,7,1
22017.32,Bills,EXPENSE,23,642.83,17,0
62289.92,Shopping,EXPENSE,14,419.99,15,1
51659.56,Food,INCOME,6,699.79,12,1
84350.27,Travel,EXPENSE,11,92.27,16,1
79832.99,Food,INCOME,17,500.65,9,1
88641.08,Other,INCOME,10,563.13,13,1
59392.29,Food,INCOME,4,235.57,14,1
22045.36,Bills,EXPENSE,14,624.67,18,0
15192.86,Travel,EXPENSE,15,679.31,18,0
70857.52,Other,INCOME,10,823.92,17,1
44829.7,Salary,INCOME,14,984.43,18,1
25986.03,Salary,INCOME,13,496.4,10,0
52506.89,Other,EXPENSE,14,748.95,14,1
35306.6,Food,INCOME,15,602.53,17,0
36990.91,Entertainment,INCOME,5,404.99,17,0
26394.28,Entertainment,INCOME,13,205.36,0,1
95950.51,Salary,INCOME,12,79.27,7,1
68141.81,Travel,EXPENSE,20,786.35,19,1
84979.97,Salary,EXPENSE,17,878.49,17,1
92843.41,Salary,INCOME,20,784.14,3,1
13424.82,Other,EXPENSE,20,827.52,0,1
38833.0,Other,EXPENSE,3,47.08,18,1
48130.71,Travel,EXPENSE,12,553.28,7,0
90533.64,Entertainment,INCOME,21,303.79,14,1
24298.91,Shopping,EXPENSE,13,490.83,14,0
41405.88,Entertainment,EXPENSE,6,338.32,14,1
48709.5,Travel,EXPENSE,5,839.86,6,1
32960.5,Salary,EXPENSE,21,844.16,10,1
90511.58,Shopping,EXPENSE,20,93.61,15,1
67566.41,Salary,EXPENSE,16,273.85,8,1
31152.4,Entertainment,EXPENSE,3,971.86,9,1
88782.0,Food,EXPENSE,4,936.21,20,1
85090.64,Travel,INCOME,17,990.48,3,1
75017.7,Other,EXPENSE,23,37.47,20,1
87277.51,Entertainment,INCOME,17,53.44,4,1
97353.6,Other,INCOME,11,426.35,9,1
97633.85,Entertainment,INCOME,0,914.98,7,1
42354.68,Other,INCOME,9,814.4,2,1
93766.29,Entertainment,INCOME,15,218.63,15,1
20870.85,Food,INCOME,18,944.9,11,1
91703.8,Entertainment,EXPENSE,21,439.18,3,1
96175.1,Other,EXPENSE,22,37.75,18,1
33176.1,Shopping,INCOME,20,163.68,7,1
30043.59,Bills,INCOME,2,549.99,20,1
53777.54,Entertainment,INCOME,12,23.97,14,1
30024.12,Other,INCOME,15,709.02,12,1
12277.06,Salary,INCOME,17,283.44,2,0
48731.26,Salary,EXPENSE,13,63.64,0,1
94833.04,Travel,EXPENSE,16,664.4,12,1
7226.94,Other,INCOME,3,227.93,9,1
66781.25,Bills,EXPENSE,22,590.8,17,1
48711.0,Bills,INCOME,0,735.94,4,1
71910.61,Travel,INCOME,9,664.44,7,1
77076.52,Food,EXPENSE,13,961.74,20,1
93285.71,Food,INCOME,22,819.17,3,1
18901.33,Bills,INCOME,14,123.11,12,0
41415.6,Food,EXPENSE,4,997.38,12,1
27824.59,Other,EXPENSE,4,793.43,4,1
69909.89,Travel,INCOME,19,588.38,1,1
98857.34,Salary,INCOME,13,553.73,13,1
61738.84,Food,EXPENSE,15,864.24,19,1
15014.51,Shopping,INCOME,12,120.3,9,0
16462.25,Travel,INCOME,2,457.92,12,1
43456.39,Shopping,EXPENSE,12,813.56,3,1
24670.97,Other,EXPENSE,12,218.19,18,0
75056.29,Salary,INCOME,19,633.71,11,1
15837.18,Travel,INCOME,21,438.67,8,0
29898.12,Food,EXPENSE,6,927.29,17,1
97281.63,Salary,INCOME,10,63.55,6,1
78190.45,Shopping,INCOME,21,255.82,17,1
14111.15,Entertainment,EXPENSE,18,0.79,15,0
95672.37,Food,INCOME,11,275.99,2,1
48246.06,Entertainment,EXPENSE,4,357.6,3,1
78177.68,Bills,INCOME,18,823.9,6,1
87491.11,Food,INCOME,0,583.16,9,1
49579.93,Bills,INCOME,3,513.83,1,1
80448.9,Entertainment,EXPENSE,1,99.91,17,1
24358.72,Shopping,EXPENSE,18,84.31,2,0
25054.55,Bills,INCOME,17,412.55,20,0
80028.77,Bills,EXPENSE,17,456.11,1,1
40568.65,Entertainment,INCOME,13,301.19,10,0
83903.01,Bills,EXPENSE,4,863.72,18,1
24476.89,Other,EXPENSE,11,942.07,5,1
19657.78,Bills,EXPENSE,1,184.69,1,1
50245.14,Other,INCOME,20,691.38,10,1
1935.75,Shopping,EXPENSE,5,288.31,3,0
78836.72,Food,INCOME,13,480.4,3,1
25646.65,Salary,EXPENSE,0,95.45,12,1
25022.38,Other,EXPENSE,4,135.68,4,1
3199.14,Shopping,EXPENSE,18,130.49,5,0
37809.18,Salary,EXPENSE,3,960.88,19,1
85041.12,Food,EXPENSE,8,534.19,6,1
10147.82,Travel,EXPENSE,11,181.54,12,0
11718.53,Travel,EXPENSE,7,732.94,8,1
85998.84,Salary,INCOME,10,126.24,9,1
40002.79,Other,INCOME,19,442.72,0,1
58385.8,Bills,INCOME,6,267.62,1,1
58355.16,Shopping,EXPENSE,13,750.35,20,1
62528.98,Other,EXPENSE,8,661.87,17,1
36084.29,Entertainment,INCOME,7,356.21,2,0
17797.49,Bills,INCOME,11,814.07,18,1
26787.73,Other,INCOME,5,369.73,7,0
51114.16,Entertainment,INCOME,13,300.15,8,1
99262.29,Travel,EXPENSE,12,849.0,11,1
87821.79,Other,INCOME,12,434.3,10,1
33839.48,Entertainment,INCOME,4,761.89,18,1
33941.43,Travel,EXPENSE,9,202.55,12,0
59259.4,Shopping,EXPENSE,10,474.82,5,1
86347.96,Salary,INCOME,6,744.95,17,1
32431.96,Travel,INCOME,13,548.53,16,0
24672.78,Entertainment,EXPENSE,13,784.79,12,1
14754.14,Entertainment,INCOME,18,638.92,19,0
88947.42,Entertainment,EXPENSE,13,96.18,7,1
50034.3,Food,INCOME,16,655.78,14,1
24522.07,Bills,EXPENSE,15,130.8,1,0
16646.31,Other,EXPENSE,3,273.87,19,1
48223.26,Entertainment,EXPENSE,17,896.24,12,1
57405.39,Food,EXPENSE,3,979.05,12,1
59235.72,Shopping,INCOME,12,183.94,20,1
14457.78,Entertainment,EXPENSE,12,842.45,9,1
40575.68,Other,EXPENSE,19,108.88,4,0
58528.68,Other,INCOME,0,215.23,18,1
84655.73,Food,EXPENSE,5,642.03,12,1
56737.34,Food,INCOME,14,989.57,0,1
88906.23,Travel,EXPENSE,10,220.67,3,1
95595.46,Food,EXPENSE,11,785.27,18,1
40165.14,Salary,EXPENSE,18,601.63,18,0
75447.34,Travel,EXPENSE,7,272.18,8,1
91768.31,Bills,INCOME,21,800.11,8,1
10084.07,Food,INCOME,2,728.37,2,1
49387.7,Travel,EXPENSE,2,993.98,17,1
40075.65,Shopping,EXPENSE,0,47.56,9,1
92273.95,Food,EXPENSE,16,561.82,13,1
92586.67,Bills,EXPENSE,23,964.82,19,1
24682.46,Travel,EXPENSE,6,257.82,10,0
26150.26,Travel,EXPENSE,6,319.25,2,0
69551.13,Entertainment,EXPENSE,15,837.33,18,1
92082.03,Bills,EXPENSE,2,323.93,15,1
70203.92,Food,INCOME,3,203.28,4,1
9821.22,Salary,INCOME,0,996.36,9,1
66917.24,Food,EXPENSE,16,555.65,20,1
9246.96,Travel,INCOME,20,299.07,4,0
93391.97,Food,EXPENSE,13,476.44,16,1
38087.41,Other,INCOME,6,605.2,7,0
96400.16,Food,INCOME,9,614.67,3,1
37926.14,Other,INCOME,5,249.5,4,0
28431.69,Food,EXPENSE,22,237.47,10,0
5187.35,Entertainment,INCOME,21,185.55,2,0
25364.43,Shopping,INCOME,5,998.34,5,1
49709.97,Shopping,EXPENSE,0,138.93,11,1
72080.36,Food,INCOME,18,542.8,19,1
52594.9,Shopping,INCOME,12,604.51,16,1
94966.33,Travel,EXPENSE,0,369.24,18,1
70090.58,Shopping,INCOME,14,347.87,12,1
36437.96,Entertainment,INCOME,4,851.74,5,1
72454.88,Bills,EXPENSE,12,404.21,20,1
36727.48,Shopping,INCOME,0,476.41,1,1
85909.19,Salary,INCOME,3,838.83,0,1
37838.4,Salary,INCOME,5,260.68,16,0
80812.27,Food,EXPENSE,20,980.47,13,1
59970.53,Salary,INCOME,3,485.86,17,1
47197.65,Travel,EXPENSE,16,720.12,3,1
79284.72,Travel,EXPENSE,7,142.83,4,1
55628.84,Shopping,EXPENSE,17,277.72,10,1
52624.58,Shopping,INCOME,1,1.29,2,1
75143.37,Shopping,INCOME,19,802.53,7,1
78186.44,Salary,EXPENSE,7,347.03,0,1
94571.99,Shopping,EXPENSE,10,967.18,14,1
16514.96,Salary,EXPENSE,0,791.55,13,1
63973.68,Salary,INCOME,15,556.52,1,1
46462.91,Travel,EXPENSE,4,926.63,0,1
2421.78,Shopping,EXPENSE,19,287.7,10,0
7766.27,Shopping,EXPENSE,16,760.95,3,1
26300.57,Bills,INCOME,14,287.84,20,0
3689.44,Food,EXPENSE,0,385.53,11,1
91277.04,Salary,EXPENSE,21,995.39,14,1
77322.24,Salary,EXPENSE,3,221.92,19,1
71886.52,Shopping,EXPENSE,23,402.5,18,1
81441.4,Entertainment,INCOME,11,914.97,11,1
30640.8,Other,EXPENSE,17,759.56,5,1
73670.25,Other,INCOME,19,964.75,18,1
68962.57,Shopping,EXPENSE,16,607.74,17,1
37757.36,Salary,EXPENSE,12,331.56,14,0
45262.09,Shopping,INCOME,14,893.68,2,1
14432.97,Bills,EXPENSE,7,418.25,17,0
58795.2,Entertainment,EXPENSE,4,357.71,20,1
28071.27,Bills,INCOME,19,613.78,20,0
39807.08,Shopping,INCOME,14,773.87,15,1
18075.99,Other,EXPENSE,17,281.98,5,0
14126.82,Shopping,EXPENSE,6,301.48,0,0
27426.97,Bills,EXPENSE,9,110.61,10,0
94232.57,Bills,EXPENSE,10,534.58,10,1
84592.16,Entertainment,EXPENSE,12,174.12,15,1
37913.42,Travel,INCOME,5,368.92,1,0
76300.75,Travel,EXPENSE,19,794.83,19,1
18169.25,Travel,EXPENSE,10,640.04,4,0
22674.66,Shopping,EXPENSE,4,605.1,12,1
88180.54,Entertainment,EXPENSE,14,157.93,15,1
15739.58,Travel,EXPENSE,0,302.04,13,1
92764.74,Travel,EXPENSE,11,684.5,18,1
40641.71,Entertainment,EXPENSE,15,858.44,0,1
98620.94,Other,INCOME,1,971.18,3,1
58657.62,Entertainment,EXPENSE,9,531.64,11,1
15164.81,Bills,EXPENSE,21,585.04,3,0
64316.55,Travel,INCOME,19,225.69,19,1
60390.1,Food,EXPENSE,20,21.68,18,1
43057.18,Bills,EXPENSE,5,841.69,12,1
67717.68,Salary,INCOME,2,514.12,11,1
59990.23,Food,INCOME,18,997.5,4,1
28601.18,Other,INCOME,23,803.8,6,1
23471.56,Bills,INCOME,14,916.05,17,1
28522.14,Bills,INCOME,14,733.92,7,1
78248.01,Food,INCOME,11,195.81,19,1
10485.79,Food,INCOME,15,427.91,13,0
34031.13,Shopping,EXPENSE,21,470.93,13,1
2698.95,Entertainment,EXPENSE,17,86.54,20,0
54766.63,Bills,EXPENSE,23,624.95,4,1
6971.29,Food,INCOME,15,626.06,14,0
62938.49,Bills,INCOME,6,335.3,4,1
68411.34,Food,INCOME,18,155.31,4,1
63594.1,Salary,INCOME,20,512.63,13,1
49823.12,Food,INCOME,4,606.27,6,1
2940.35,Salary,EXPENSE,14,830.18,7,1
53810.51,Salary,EXPENSE,7,703.04,2,1
26002.33,Shopping,INCOME,12,612.61,4,0
75508.83,Entertainment,INCOME,3,490.89,17,1
68316.98,Bills,INCOME,18,71.58,10,1
91939.02,Travel,EXPENSE,3,98.36,8,1
3081.87,Bills,INCOME,5,700.33,12,1
43136.7,Other,EXPENSE,11,63.61,4,0
99342.65,Shopping,INCOME,7,962.24,7,1
83450.55,Salary,INCOME,10,930.35,12,1
97743.91,Shopping,INCOME,16,293.51,13,1
27904.27,Other,INCOME,22,367.61,3,0
40709.26,Travel,INCOME,0,958.57,18,1
56769.89,Shopping,INCOME,17,928.81,3,1
67233.17,Other,INCOME,4,750.69,13,1
17973.35,Travel,INCOME,22,21.78,14,0
21590.31,Salary,INCOME,4,72.95,18,1
43736.77,Other,INCOME,0,186.05,6,1
49368.1,Entertainment,EXPENSE,9,910.71,15,1
46390.92,Travel,INCOME,3,864.02,9,1
5241.36,Food,EXPENSE,7,649.73,16,0
29295.86,Entertainment,EXPENSE,7,193.07,20,0
15648.2,Food,INCOME,10,64.03,12,0
76605.43,Bills,EXPENSE,12,197.13,20,1
14105.45,Other,INCOME,6,4.34,2,0
88333.92,Other,EXPENSE,0,821.71,1,1
72018.14,Entertainment,INCOME,16,918.11,4,1
25350.07,Other,EXPENSE,6,992.85,6,1
45163.32,Entertainment,INCOME,0,947.0,16,1
97732.47,Entertainment,INCOME,15,723.78,20,1
20724.21,Food,INCOME,20,677.18,19,0
89070.72,Entertainment,EXPENSE,0,562.29,11,1
28029.18,Salary,EXPENSE,3,867.09,4,1
36990.64,Other,EXPENSE,18,930.53,11,1
65325.73,Other,EXPENSE,2,108.28,10,1
11016.96,Shopping,EXPENSE,17,877.78,6,1
73388.15,Entertainment,EXPENSE,9,255.28,2,1
6190.51,Travel,EXPENSE,11,405.67,16,0
68726.0,Other,INCOME,6,522.44,20,1
51529.41,Travel,INCOME,9,458.08,11,1
19748.65,Entertainment,EXPENSE,3,922.17,16,1
38174.25,Bills,EXPENSE,15,840.79,14,1
3657.36,Entertainment,EXPENSE,4,888.58,3,1
60650.62,Salary,EXPENSE,15,701.73,13,1
36613.07,Bills,INCOME,16,977.77,3,1
57150.06,Other,INCOME,14,356.25,16,1
19960.66,Bills,EXPENSE,15,869.79,10,1
33317.3,Entertainment,EXPENSE,11,189.59,11,0
6744.04,Shopping,INCOME,10,439.73,4,0
24729.03,Travel,EXPENSE,18,656.13,16,0
15964.27,Bills,EXPENSE,3,468.12,15,1
4379.27,Salary,INCOME,17,814.38,13,1
48513.5,Other,EXPENSE,0,814.79,6,1
78879.88,Shopping,EXPENSE,5,900.95,14,1
75407.28,Bills,EXPENSE,8,316.66,20,1
73878.3,Food,EXPENSE,10,125.78,16,1
30017.43,Food,EXPENSE,0,803.79,14,1
94140.62,Food,INCOME,4,886.0,0,1
76564.3,Travel,EXPENSE,15,793.36,15,1
74702.2,Other,EXPENSE,3,878.82,16,1
31937.99,Salary,INCOME,20,503.95,12,0
78034.26,Food,EXPENSE,14,907.4,4,1
82736.67,Salary,INCOME,4,193.46,9,1
88850.38,Food,INCOME,23,658.65,14,1
9438.87,Entertainment,INCOME,3,677.86,18,1
10878.23,Shopping,INCOME,11,771.88,12,1
40701.63,Food,INCOME,16,854.69,6,1
26638.13,Food,INCOME,4,161.48,9,1
98642.03,Bills,INCOME,6,780.33,19,1
69471.03,Travel,EXPENSE,18,75.94,8,1
62395.51,Food,INCOME,0,361.85,9,1
24362.5,Food,EXPENSE,10,492.84,20,0
8307.47,Shopping,EXPENSE,23,702.1,1,1
70898.48,Travel,INCOME,0,30.73,1,1
34897.47,Entertainment,EXPENSE,21,261.65,14,0
59807.44,Other,EXPENSE,7,318.64,16,1
20741.25,Bills,EXPENSE,19,186.89,9,0
47225.77,Food,INCOME,12,242.47,16,0
98495.87,Bills,INCOME,21,831.75,4,1
20806.46,Bills,EXPENSE,21,407.67,11,0
51868.85,Shopping,INCOME,17,333.07,18,1
98850.7,Bills,EXPENSE,9,2.61,1,1
73477.01,Salary,EXPENSE,0,546.1,1,1
66670.64,Bills,EXPENSE,10,86.02,0,1
33825.15,Travel,EXPENSE,15,877.41,12,1
20331.68,Food,EXPENSE,7,320.27,13,0
90962.15,Bills,EXPENSE,0,89.41,1,1
3819.74,Food,EXPENSE,2,553.04,16,1
404.97,Shopping,EXPENSE,5,526.73,7,0
95186.34,Food,INCOME,17,880.78,19,1
62518.08,Food,EXPENSE,1,923.46,7,1
41745.05,Food,EXPENSE,13,393.91,17,0
2522.02,Other,EXPENSE,4,985.05,20,1
6724.64,Other,INCOME,14,894.13,8,1
84688.08,Other,INCOME,22,220.29,2,1
34917.71,Entertainment,EXPENSE,21,779.75,7,1
61306.65,Bills,EXPENSE,19,447.86,16,1
13993.84,Entertainment,EXPENSE,23,308.42,13,0
47463.36,Bills,INCOME,20,28.78,3,0
48607.89,Bills,EXPENSE,16,495.24,12,0
12570.27,Entertainment,EXPENSE,13,926.84,13,1
90609.9,Salary,INCOME,0,87.78,20,1
77604.89,Salary,EXPENSE,14,924.32,5,1
18448.34,Bills,INCOME,14,514.72,16,1
69938.74,Travel,INCOME,20,397.08,12,1
32520.22,Travel,EXPENSE,14,291.43,18,0
31833.21,Entertainment,EXPENSE,4,323.46,19,1
46512.08,Bills,INCOME,19,835.95,12,1
54927.01,Travel,INCOME,23,532.2,10,1
7290.36,Salary,INCOME,3,773.21,3,1
78081.81,Shopping,INCOME,17,582.71,18,1
82305.33,Entertainment,INCOME,12,350.92,2,1
44168.05,Salary,EXPENSE,9,525.58,1,0
65166.26,Other,EXPENSE,0,718.4,5,1
59456.87,Salary,EXPENSE,16,947.89,17,1
49152.97,Salary,INCOME,1,626.46,20,1
14172.52,Travel,EXPENSE,3,101.68,4,1
1368.62,Salary,INCOME,20,36.13,8,0
75435.82,Food,INCOME,21,643.13,11,1
18156.75,Travel,EXPENSE,13,604.73,3,0
1616.95,Travel,EXPENSE,0,782.46,15,1
2030.31,Travel,INCOME,5,904.7,20,1
13932.34,Salary,INCOME,11,239.22,20,0
2537.02,Other,INCOME,15,884.13,2,1
76275.89,Shopping,INCOME,21,961.03,11,1
67845.02,Bills,INCOME,1,720.36,17,1
78909.13,Shopping,INCOME,8,939.74,7,1
72469.13,Shopping,INCOME,20,429.14,17,1
66282.87,Bills,INCOME,16,198.63,8,1
78665.56,Entertainment,EXPENSE,21,939.78,11,1
94472.76,Salary,EXPENSE,13,832.12,6,1
39194.12,Shopping,INCOME,7,154.26,14,1
52476.27,Food,INCOME,7,159.07,20,1
80427.98,Entertainment,EXPENSE,21,829.12,8,1
87133.19,Salary,INCOME,19,690.51,17,1
2426.73,Salary,INCOME,10,799.71,11,1
3236.52,Travel,INCOME,12,463.48,0,0
19747.52,Travel,EXPENSE,18,45.68,14,0
91472.1,Bills,EXPENSE,18,314.73,20,1
34568.69,Salary,EXPENSE,7,562.23,0,1
13813.84,Entertainment,INCOME,3,354.35,4,1
63620.78,Shopping,INCOME,0,657.93,17,1
21011.29,Travel,EXPENSE,4,908.86,19,1
68393.82,Salary,EXPENSE,7,750.6,19,1
75855.32,Travel,EXPENSE,23,724.88,3,1
23938.11,Shopping,EXPENSE,8,993.76,5,1
18505.83,Bills,INCOME,4,551.36,12,1
80622.13,Shopping,EXPENSE,22,51.11,11,1
52876.54,Entertainment,INCOME,11,292.56,2,1
75672.07,Food,EXPENSE,18,232.15,3,1
66572.94,Shopping,INCOME,11,312.66,7,1
69868.84,Other,INCOME,4,473.91,17,1
41602.53,Travel,EXPENSE,14,250.18,3,0
14082.7,Food,INCOME,15,374.55,13,0
76261.52,Salary,EXPENSE,13,257.33,3,1
42460.28,Entertainment,INCOME,16,118.53,20,0
16020.39,Entertainment,EXPENSE,13,571.02,2,0
43177.16,Food,EXPENSE,19,597.71,2,0
49432.48,Food,INCOME,10,32.49,10,0
82159.53,Entertainment,EXPENSE,4,914.38,13,1
67686.04,Food,EXPENSE,6,280.4,7,1
53125.03,Entertainment,EXPENSE,9,502.08,2,1
65038.78,Food,EXPENSE,11,607.81,7,1
36658.46,Other,EXPENSE,17,175.7,7,0
25572.4,Bills,INCOME,11,441.56,14,0
60982.91,Food,INCOME,9,590.47,9,1
19448.55,Food,EXPENSE,20,299.15,13,0
37282.59,Other,EXPENSE,1,685.68,5,1
58546.31,Bills,EXPENSE,21,642.52,10,1
14750.38,Entertainment,EXPENSE,21,936.13,19,1
90329.84,Shopping,EXPENSE,14,213.63,5,1
84193.2,Travel,EXPENSE,23,53.58,16,1
82018.69,Travel,EXPENSE,3,593.7,7,1
89994.26,Other,INCOME,14,217.83,14,1
48430.44,Other,EXPENSE,11,136.91,16,0
48758.02,Bills,INCOME,11,850.44,19,1
8143.47,Other,EXPENSE,1,254.3,10,1
80896.01,Travel,EXPENSE,4,776.11,12,1
52098.27,Entertainment,INCOME,17,612.92,6,1
31002.37,Shopping,EXPENSE,5,594.45,16,1
76135.18,Food,EXPENSE,20,779.11,8,1
78098.07,Other,EXPENSE,8,408.09,14,1
29794.86,Food,EXPENSE,7,788.81,17,1
4513.12,Travel,EXPENSE,14,172.52,1,0
31391.53,Travel,EXPENSE,8,375.3,3,0
16010.32,Food,EXPENSE,7,535.42,17,0
79619.62,Travel,EXPENSE,17,740.23,2,1
67228.23,Entertainment,EXPENSE,23,779.74,13,1
84117.56,Travel,EXPENSE,20,938.41,15,1
73841.02,Entertainment,EXPENSE,14,749.09,18,1
64819.2,Bills,INCOME,5,46.17,0,1
8125.21,Salary,EXPENSE,1,966.52,0,1
43398.48,Shopping,INCOME,0,794.46,17,1
32098.07,Travel,EXPENSE,14,6.42,11,0
11057.41,Other,EXPENSE,19,264.83,20,0
25991.19,Shopping,INCOME,19,472.61,19,0
33876.23,Other,EXPENSE,19,186.06,13,0
23670.92,Bills,EXPENSE,22,755.25,16,1
75020.85,Other,INCOME,7,584.65,12,1
74231.41,Other,INCOME,14,543.9,0,1
49467.17,Bills,EXPENSE,6,544.47,16,0
28685.23,Food,EXPENSE,23,139.79,20,0
76154.41,Shopping,INCOME,2,301.93,12,1
17632.08,Bills,EXPENSE,23,218.41,9,0
11089.48,Other,INCOME,13,779.14,9,1
67110.69,Shopping,EXPENSE,9,511.36,3,1
99035.48,Salary,INCOME,6,887.18,13,1
2769.95,Shopping,INCOME,10,377.11,18,0
51075.86,Bills,EXPENSE,6,377.4,17,1
23171.09,Food,INCOME,17,219.89,19,0
22822.34,Salary,EXPENSE,22,842.94,11,1
18153.44,Travel,EXPENSE,21,643.85,15,0
38361.01,Entertainment,EXPENSE,8,64.41,8,0
74295.54,Salary,EXPENSE,18,94.19,17,1
12871.83,Travel,INCOME,15,124.08,6,0
53670.53,Bills,INCOME,20,53.43,15,1
44847.55,Entertainment,INCOME,18,477.06,9,0
44907.13,Entertainment,EXPENSE,10,161.23,4,0
12467.67,Shopping,INCOME,10,987.84,11,1
9537.34,Entertainment,EXPENSE,0,432.67,15,1
80088.83,Other,INCOME,13,861.57,3,1
20051.62,Food,EXPENSE,19,461.0,11,0
44890.7,Travel,INCOME,3,418.55,9,1
21830.96,Entertainment,EXPENSE,2,573.96,6,1
68989.66,Entertainment,EXPENSE,12,530.4,5,1
11427.17,Travel,EXPENSE,15,76.86,15,0
79544.69,Salary,EXPENSE,3,389.02,6,1
12097.41,Other,EXPENSE,2,470.21,16,1
57860.65,Other,EXPENSE,9,689.25,1,1
67271.91,Entertainment,INCOME,23,295.85,16,1
50377.04,Shopping,INCOME,7,680.08,18,1
83094.96,Travel,INCOME,8,999.19,6,1
15455.01,Shopping,INCOME,3,437.95,8,1
60039.88,Salary,EXPENSE,10,557.65,2,1
84312.12,Other,INCOME,15,867.65,5,1
10674.05,Salary,EXPENSE,22,187.87,1,0
54222.9,Travel,INCOME,11,258.21,6,1
55508.13,Shopping,EXPENSE,3,313.95,6,1
60330.62,Food,INCOME,19,399.94,10,1
62195.15,Salary,INCOME,22,661.6,11,1
57950.52,Bills,EXPENSE,20,277.57,1,1
74938.37,Entertainment,EXPENSE,22,107.61,15,1
89208.93,Shopping,EXPENSE,13,400.46,2,1
20659.27,Entertainment,INCOME,6,934.31,14,1
69256.44,Food,INCOME,21,226.36,9,1
70649.4,Travel,INCOME,4,650.46,20,1
85105.85,Shopping,EXPENSE,22,616.73,7,1
6180.02,Salary,EXPENSE,5,733.52,13,1
90183.65,Food,EXPENSE,20,790.9,9,1
29688.26,Entertainment,INCOME,4,669.4,0,1
27987.08,Other,INCOME,0,697.71,9,1
35136.18,Food,EXPENSE,21,735.84,13,1
97988.48,Bills,INCOME,0,612.69,18,1
30927.48,Shopping,EXPENSE,19,539.15,2,1
46772.44,Shopping,INCOME,20,134.24,10,1
68453.5,Entertainment,EXPENSE,16,909.3,5,1
7655.52,Other,EXPENSE,0,643.0,10,1
61669.46,Travel,EXPENSE,1,634.17,5,1
38253.99,Bills,INCOME,18,663.97,13,0
77548.0,Entertainment,INCOME,7,231.71,12,1
25042.33,Other,EXPENSE,20,822.72,6,1
1673.45,Entertainment,EXPENSE,9,126.82,20,0
14922.19,Food,INCOME,13,673.35,16,0
27052.38,Travel,EXPENSE,9,674.55,17,0
95229.58,Shopping,EXPENSE,15,370.93,16,1
90257.86,Shopping,EXPENSE,16,434.66,11,1
17614.0,Travel,EXPENSE,12,943.78,4,1
34385.36,Bills,INCOME,6,340.03,0,1
34772.24,Other,INCOME,19,271.98,15,0
86569.6,Travel,INCOME,19,873.62,13,1
20992.45,Entertainment,EXPENSE,15,404.86,1,0
12503.85,Entertainment,EXPENSE,0,37.64,18,1
34055.28,Travel,INCOME,6,934.56,9,1
61071.54,Bills,INCOME,16,962.87,13,1
53912.45,Entertainment,INCOME,14,16.4,3,1
85342.59,Salary,EXPENSE,13,584.24,2,1
62141.49,Food,EXPENSE,0,963.37,6,1
26107.96,Salary,INCOME,3,336.72,15,1
41912.19,Salary,INCOME,0,652.62,2,1
50543.06,Food,EXPENSE,12,491.39,9,1
88687.5,Salary,EXPENSE,6,284.09,6,1
36825.34,Salary,INCOME,18,517.12,0,1
99219.72,Shopping,INCOME,0,645.71,13,1
70755.58,Other,EXPENSE,15,343.16,1,1
71207.71,Shopping,EXPENSE,17,434.63,15,1
53729.09,Travel,INCOME,14,124.37,1,1
33077.32,Other,EXPENSE,17,323.73,15,0
17284.34,Bills,INCOME,16,992.72,2,1
76071.09,Travel,INCOME,18,244.49,13,1
86823.83,Salary,INCOME,6,323.08,11,1
72023.04,Food,EXPENSE,2,850.15,4,1
57831.65,Entertainment,INCOME,2,966.84,19,1
203.3,Shopping,INCOME,4,906.55,15,1
52441.88,Other,INCOME,1,891.53,12,1
14710.76,Travel,INCOME,6,253.73,9,0
59533.59,Bills,INCOME,23,738.75,7,1
53744.84,Salary,EXPENSE,6,222.35,14,1
8923.29,Salary,EXPENSE,14,882.8,3,1
30180.24,Other,INCOME,14,461.55,13,0
41376.97,Travel,INCOME,7,943.2,14,1
69677.21,Entertainment,INCOME,15,264.97,15,1
85876.08,Entertainment,INCOME,21,286.85,7,1
83939.12,Salary,INCOME,4,587.43,6,1
45996.6,Shopping,EXPENSE,7,476.2,14,1
47558.21,Food,INCOME,4,22.53,15,1
35501.41,Shopping,INCOME,11,199.72,2,1
75450.39,Other,EXPENSE,20,776.96,1,1
5865.98,Food,EXPENSE,18,851.11,1,1
37291.44,Shopping,EXPENSE,7,744.87,8,1
52557.11,Other,INCOME,20,657.23,11,1
95385.42,Travel,EXPENSE,13,429.84,1,1
91546.39,Salary,EXPENSE,1,260.23,0,1
57083.46,Food,EXPENSE,1,735.61,9,1
75358.76,Shopping,INCOME,2,78.66,19,1
59177.36,Bills,INCOME,2,86.76,3,1
31862.24,Travel,INCOME,8,401.79,2,0
30675.94,Bills,INCOME,2,510.73,20,1
48711.74,Food,INCOME,23,461.56,18,0
67137.91,Other,INCOME,17,885.44,19,1
37317.75,Travel,INCOME,12,343.09,19,0
1726.75,Salary,EXPENSE,8,718.33,7,1
410.71,Travel,EXPENSE,15,422.81,9,0
31588.8,Other,INCOME,21,241.97,17,0
91466.85,Food,INCOME,1,354.55,6,1
53216.82,Bills,EXPENSE,9,484.55,14,1
21360.74,Entertainment,EXPENSE,8,453.78,16,0
26151.96,Shopping,INCOME,4,2.66,10,1
28238.5,Food,EXPENSE,23,225.93,16,0
22604.75,Shopping,EXPENSE,17,915.78,13,1
92570.83,Other,INCOME,15,302.45,6,1
20395.4,Shopping,EXPENSE,16,674.32,0,1
51435.97,Travel,INCOME,13,772.45,17,1
34958.72,Entertainment,INCOME,20,167.79,3,0
60251.63,Shopping,EXPENSE,18,522.51,2,1
97114.0,Entertainment,INCOME,10,361.01,16,1
97301.48,Food,INCOME,14,345.16,19,1
53826.79,Other,EXPENSE,18,220.34,17,1
57215.37,Entertainment,EXPENSE,23,55.49,6,1
6549.81,Shopping,INCOME,6,259.12,19,0
17346.29,Travel,EXPENSE,22,608.27,11,0
74469.05,Travel,EXPENSE,18,735.51,3,1
51525.29,Travel,INCOME,6,295.19,2,1
40187.66,Travel,EXPENSE,2,332.34,20,1
19617.93,Food,EXPENSE,10,223.46,6,0
30765.82,Food,INCOME,14,532.82,3,0
61683.06,Salary,INCOME,11,613.91,9,1
31320.57,Bills,INCOME,23,839.41,13,1
80032.0,Shopping,INCOME,3,783.09,5,1
9873.14,Bills,INCOME,10,152.7,13,0
8249.31,Entertainment,EXPENSE,0,419.35,3,1
74833.89,Salary,INCOME,22,615.86,0,1
75387.85,Other,EXPENSE,5,664.15,4,1
12393.61,Entertainment,EXPENSE,13,824.23,4,1
8417.68,Other,INCOME,11,927.87,12,1
78227.29,Other,INCOME,4,30.48,6,1
49682.11,Other,EXPENSE,23,3.88,11,0
13958.27,Other,INCOME,15,129.51,4,0
45613.71,Salary,EXPENSE,5,145.77,1,0
66117.77,Other,INCOME,17,339.6,15,1
25446.16,Travel,INCOME,3,144.75,11,1
33500.98,Salary,EXPENSE,10,676.89,16,0
80294.03,Food,EXPENSE,20,947.73,12,1
38041.33,Shopping,EXPENSE,5,791.29,5,1
41879.98,Shopping,INCOME,15,263.49,12,1
60718.37,Shopping,EXPENSE,22,579.57,8,1
63474.7,Salary,INCOME,13,392.14,8,1
9422.15,Bills,INCOME,20,841.0,13,1
22094.73,Entertainment,INCOME,16,508.66,16,0
88013.34,Shopping,INCOME,22,982.54,19,1
23803.62,Travel,INCOME,21,958.98,13,1
88510.66,Travel,EXPENSE,2,992.29,6,1
961.7,Shopping,INCOME,18,277.09,14,0
8010.17,Entertainment,EXPENSE,6,508.94,6,0
76004.8,Salary,INCOME,16,586.86,10,1
56033.94,Salary,INCOME,9,73.42,3,1
80897.46,Salary,EXPENSE,11,233.36,14,1
23974.88,Shopping,EXPENSE,23,408.84,6,0
82016.34,Shopping,EXPENSE,4,657.51,12,1
80792.45,Shopping,INCOME,20,528.72,13,1
33206.28,Salary,EXPENSE,18,890.92,11,1
93929.14,Entertainment,EXPENSE,5,525.54,5,1
90111.96,Other,EXPENSE,16,218.33,7,1
4221.35,Entertainment,INCOME,13,535.18,9,0
83188.72,Bills,INCOME,20,495.21,0,1
39952.41,Shopping,EXPENSE,15,973.57,8,1
83103.54,Bills,INCOME,4,79.35,11,1
8162.04,Bills,INCOME,11,683.68,10,0
15906.14,Entertainment,INCOME,8,537.45,14,0
8744.21,Salary,EXPENSE,22,636.11,16,0
88737.89,Travel,INCOME,14,323.23,3,1
65208.78,Other,INCOME,13,257.17,7,1
40655.6,Other,INCOME,2,767.5,20,1
88677.72,Entertainment,INCOME,14,529.39,13,1
72276.44,Other,EXPENSE,18,955.41,11,1
81826.74,Food,EXPENSE,12,784.28,1,1
73653.99,Entertainment,INCOME,20,639.3,5,1
14501.12,Entertainment,INCOME,17,791.88,6,1
66298.71,Travel,INCOME,12,410.21,1,1
52014.01,Shopping,INCOME,20,694.16,2,1
87430.76,Food,INCOME,0,793.63,6,1
55377.2,Food,INCOME,7,438.63,7,1
88120.37,Bills,INCOME,23,485.97,11,1
27292.93,Food,INCOME,7,585.77,12,0
89058.57,Bills,INCOME,23,824.7,12,1
13821.72,Travel,EXPENSE,20,332.76,6,0
69691.56,Other,INCOME,19,573.39,3,1
15358.04,Entertainment,INCOME,13,444.45,20,0
15398.71,Entertainment,INCOME,23,42.57,2,0
94927.69,Shopping,EXPENSE,17,245.9,0,1
45426.17,Other,INCOME,17,138.76,5,0
41707.66,Travel,INCOME,12,477.69,16,0
74851.41,Food,INCOME,17,609.51,0,1
83022.09,Food,EXPENSE,19,504.87,14,1
37064.01,Travel,INCOME,9,95.98,9,0
16562.88,Travel,EXPENSE,13,917.65,19,1
52025.35,Salary,EXPENSE,16,780.62,10,1
47613.08,Bills,INCOME,13,350.5,10,0
3718.21,Food,INCOME,10,302.99,19,0
79389.46,Travel,INCOME,7,983.99,13,1
65741.41,Food,INCOME,13,800.7,5,1
72606.1,Other,INCOME,19,858.6,1,1
94663.57,Salary,EXPENSE,9,865.13,11,1
59394.55,Bills,EXPENSE,1,663.99,3,1
33335.94,Shopping,INCOME,14,858.81,9,1
26319.92,Salary,EXPENSE,21,262.41,17,0
17336.23,Shopping,INCOME,16,336.77,8,0
34293.75,Salary,INCOME,9,95.23,17,0
64887.69,Bills,EXPENSE,19,665.19,4,1
14499.51,Shopping,INCOME,11,552.69,18,0
83675.7,Bills,INCOME,15,362.13,16,1
40907.98,Food,EXPENSE,16,773.41,8,1
11799.9,Travel,INCOME,5,238.34,20,0
63826.46,Bills,EXPENSE,9,18.24,3,1
80696.03,Bills,EXPENSE,8,729.53,15,1
48939.52,Other,EXPENSE,9,124.49,11,0
57211.97,Food,EXPENSE,15,938.83,11,1
40272.07,Food,INCOME,0,190.96,12,1
7829.42,Shopping,EXPENSE,21,846.38,3,1
3574.83,Bills,INCOME,18,790.58,8,1
48913.68,Bills,EXPENSE,16,312.6,3,0
70378.38,Food,INCOME,18,810.42,7,1
77076.51,Entertainment,INCOME,14,401.8,7,1
19834.28,Bills,INCOME,7,368.01,11,0
59454.92,Food,INCOME,1,454.45,4,1
21479.15,Other,EXPENSE,6,230.48,11,0
75340.49,Entertainment,EXPENSE,2,272.1,1,1
91082.02,Shopping,EXPENSE,15,635.25,19,1
40548.6,Salary,EXPENSE,10,479.78,18,0
76874.12,Food,INCOME,16,963.27,6,1
85422.71,Salary,EXPENSE,21,51.55,14,1
22871.31,Shopping,INCOME,11,560.72,4,0
2567.73,Travel,INCOME,5,948.58,13,1
72959.5,Other,INCOME,22,778.4,2,1
50682.66,Other,INCOME,13,938.97,3,1
12669.27,Travel,EXPENSE,5,75.56,20,0
32261.02,Travel,INCOME,2,923.27,18,1
64209.02,Entertainment,EXPENSE,10,810.01,9,1
75834.42,Shopping,INCOME,8,629.18,8,1
37261.54,Travel,EXPENSE,11,686.44,10,0
92457.21,Food,EXPENSE,22,532.32,10,1
38235.55,Bills,EXPENSE,16,966.37,10,1
20647.45,Other,EXPENSE,22,593.11,14,0
72241.59,Entertainment,INCOME,3,537.06,8,1
93913.01,Shopping,INCOME,21,134.58,0,1
26140.5,Entertainment,EXPENSE,6,242.93,8,0
89945.05,Food,EXPENSE,14,168.98,6,1
1191.22,Food,INCOME,12,920.13,14,1
4668.68,Entertainment,EXPENSE,13,661.4,15,0
97133.85,Travel,INCOME,12,144.38,19,1
48344.13,Salary,INCOME,22,838.34,20,1
95848.19,Bills,EXPENSE,1,281.94,16,1
39505.45,Food,INCOME,3,501.0,18,1
22657.51,Other,EXPENSE,12,844.95,20,1
40090.54,Entertainment,INCOME,14,298.51,18,0
40157.74,Shopping,EXPENSE,19,681.73,12,1
25054.76,Other,EXPENSE,18,719.32,15,1
22985.33,Travel,INCOME,21,998.05,19,1
5355.38,Entertainment,EXPENSE,23,863.38,17,1
18823.43,Entertainment,EXPENSE,18,391.26,0,0
17556.4,Shopping,EXPENSE,2,598.36,20,1
72876.12,Other,INCOME,5,401.53,0,1
11352.51,Entertainment,EXPENSE,17,707.84,14,1
27670.62,Food,EXPENSE,19,231.91,11,0
75612.73,Other,INCOME,6,682.44,19,1
475.96,Shopping,INCOME,7,885.39,10,1
48027.8,Shopping,INCOME,12,573.91,11,1
87614.38,Salary,EXPENSE,9,47.08,2,1
54330.83,Travel,EXPENSE,18,330.42,16,1
58311.52,Bills,EXPENSE,7,338.87,19,1
49303.55,Bills,EXPENSE,15,699.26,6,0
41110.01,Bills,EXPENSE,18,303.46,4,0
93289.28,Bills,EXPENSE,10,93.22,12,1
80924.68,Other,INCOME,6,239.07,12,1
11574.57,Entertainment,INCOME,12,457.51,13,0
988.52,Shopping,EXPENSE,9,324.6,20,0
93125.42,Other,INCOME,21,635.02,7,1
63923.32,Bills,EXPENSE,1,227.65,5,1
79134.95,Salary,INCOME,10,912.41,15,1
26439.52,Other,INCOME,3,779.48,9,1
89695.66,Other,EXPENSE,18,303.47,14,1
21760.79,Food,EXPENSE,11,387.02,10,0
16261.68,Food,INCOME,19,779.45,18,1
36019.87,Entertainment,INCOME,15,413.56,3,0
5169.94,Entertainment,INCOME,12,306.67,14,0
67377.41,Shopping,INCOME,10,461.33,16,1
45618.88,Travel,INCOME,21,576.62,9,0
26872.9,Salary,EXPENSE,6,579.97,19,0
95665.99,Bills,INCOME,23,416.86,13,1
59033.77,Entertainment,EXPENSE,20,717.83,13,1
51964.33,Bills,INCOME,1,624.8,14,1
89042.55,Bills,INCOME,14,40.88,20,1
56521.83,Other,INCOME,4,376.25,15,1
18414.58,Salary,INCOME,2,670.08,2,1
43808.59,Travel,INCOME,3,130.02,19,1
18783.76,Other,EXPENSE,13,539.64,20,0
28777.59,Travel,EXPENSE,6,684.41,7,0
14352.6,Entertainment,EXPENSE,8,279.92,0,0
81448.81,Food,INCOME,18,984.91,8,1
68021.09,Food,INCOME,19,343.79,4,1
43792.72,Bills,INCOME,4,598.79,2,1
34396.27,Bills,EXPENSE,1,785.47,8,1
88583.84,Entertainment,INCOME,9,531.71,10,1
11688.97,Entertainment,EXPENSE,8,166.72,11,0
90456.2,Entertainment,EXPENSE,10,247.58,14,1
99336.12,Travel,INCOME,10,800.71,15,1
97094.23,Bills,INCOME,17,396.89,5,1
72224.57,Travel,EXPENSE,3,249.11,2,1
3466.56,Food,INCOME,17,401.28,13,0
95144.48,Other,EXPENSE,17,811.11,18,1
48429.41,Entertainment,INCOME,6,826.37,2,1
15792.67,Shopping,INCOME,13,173.68,3,0
66669.98,Bills,INCOME,9,114.86,0,1
76036.16,Entertainment,EXPENSE,15,4.49,10,1
4180.68,Entertainment,INCOME,9,338.48,2,0
2169.16,Salary,EXPENSE,23,703.31,0,1
88750.33,Shopping,INCOME,11,947.12,2,1
53006.24,Entertainment,EXPENSE,21,864.89,2,1
88810.19,Bills,INCOME,4,874.45,10,1
1839.75,Food,INCOME,5,405.75,18,0
27613.7,Other,EXPENSE,7,867.72,12,1
53478.65,Other,INCOME,9,734.94,6,1
57307.85,Shopping,INCOME,4,902.09,17,1
53514.13,Salary,EXPENSE,13,48.97,2,1
33590.52,Entertainment,EXPENSE,7,134.58,15,0
74165.59,Entertainment,INCOME,16,703.69,19,1
746.38,Shopping,EXPENSE,23,106.86,13,0
98122.6,Bills,EXPENSE,0,617.43,11,1
13113.05,Food,EXPENSE,17,723.82,11,1
22723.13,Travel,INCOME,0,831.34,18,1
19810.53,Bills,INCOME,16,161.53,3,0
96468.42,Salary,INCOME,10,810.55,2,1
21140.71,Entertainment,INCOME,2,282.42,5,1
90408.57,Bills,INCOME,14,302.7,3,1
96319.06,Travel,INCOME,17,810.7,7,1
15887.21,Travel,INCOME,19,79.73,17,0
7055.48,Shopping,INCOME,23,449.53,20,0
78950.9,Bills,EXPENSE,8,297.07,20,1
62984.97,Shopping,INCOME,19,896.74,16,1
60379.95,Other,INCOME,11,476.55,10,1
75280.7,Other,INCOME,7,894.33,20,1
15711.34,Entertainment,EXPENSE,7,270.21,17,0
64088.71,Travel,INCOME,15,581.18,13,1
62667.1,Salary,EXPENSE,18,287.08,19,1
69915.22,Bills,EXPENSE,15,415.2,9,1
40581.48,Salary,EXPENSE,4,365.97,19,1
3353.64,Bills,EXPENSE,1,595.43,2,1
26879.59,Other,EXPENSE,3,678.77,4,1
10917.88,Salary,EXPENSE,14,184.35,5,0
91148.69,Shopping,INCOME,10,421.1,0,1
63431.73,Entertainment,INCOME,4,918.41,7,1
33029.42,Entertainment,INCOME,14,801.13,5,1
53893.46,Travel,INCOME,19,417.26,13,1
48155.88,Bills,EXPENSE,11,249.2,19,1
16922.63,Bills,EXPENSE,23,301.19,7,0
1109.25,Salary,EXPENSE,4,605.11,0,1
70331.94,Salary,EXPENSE,13,300.61,14,1
86473.29,Salary,INCOME,9,145.65,16,1
84211.37,Salary,INCOME,10,259.81,1,1
28449.81,Salary,EXPENSE,3,400.55,15,1
72425.63,Salary,EXPENSE,23,432.87,11,1
26800.56,Entertainment,EXPENSE,19,196.45,7,0
40054.54,Food,INCOME,10,853.67,18,1
79128.89,Salary,INCOME,5,513.38,17,1
33470.67,Travel,EXPENSE,16,98.61,7,0
93428.66,Travel,INCOME,10,248.55,6,1
98576.74,Bills,INCOME,3,845.13,4,1
47591.53,Shopping,EXPENSE,20,570.06,11,1
81902.23,Travel,EXPENSE,7,230.15,1,1
7308.66,Food,EXPENSE,7,821.5,10,1
2882.31,Salary,EXPENSE,11,947.21,10,1
49890.7,Other,INCOME,20,997.67,1,1
15273.65,Salary,INCOME,10,393.27,2,0
62083.95,Shopping,INCOME,2,131.6,7,1
81275.51,Bills,EXPENSE,18,91.13,7,1
73289.37,Shopping,EXPENSE,11,715.5,7,1
31040.53,Shopping,EXPENSE,19,712.95,15,1
69216.05,Other,INCOME,11,496.18,3,1
39263.57,Other,EXPENSE,5,958.79,20,1
98067.12,Bills,EXPENSE,0,839.9,13,1
41081.21,Other,EXPENSE,21,669.61,17,0
89183.14,Salary,INCOME,7,315.94,0,1
127.55,Bills,EXPENSE,10,41.54,4,0
60730.98,Salary,INCOME,16,808.68,20,1
44566.99,Food,INCOME,6,685.84,13,0
93330.49,Food,EXPENSE,3,44.13,9,1
41788.9,Food,EXPENSE,23,216.55,4,0
51368.75,Entertainment,EXPENSE,17,593.9,1,1
97382.43,Bills,EXPENSE,12,938.27,17,1
40792.8,Entertainment,INCOME,22,535.66,11,0
81739.16,Shopping,INCOME,19,45.75,11,1
66100.79,Bills,INCOME,12,758.75,17,1
38050.34,Travel,EXPENSE,0,479.17,4,1
15701.47,Food,EXPENSE,21,668.76,9,0
63245.75,Bills,EXPENSE,11,419.97,0,1
22366.45,Salary,EXPENSE,17,221.95,12,0
95232.38,Entertainment,INCOME,3,641.54,11,1
60776.11,Travel,INCOME,14,891.7,8,1
26380.38,Food,INCOME,12,526.86,13,0
6884.39,Entertainment,INCOME,15,893.22,2,1
35464.63,Food,INCOME,21,607.62,11,0
20762.46,Shopping,EXPENSE,2,503.78,20,1
20990.43,Travel,EXPENSE,23,32.37,11,0
96134.42,Bills,INCOME,6,240.23,15,1
48236.99,Travel,EXPENSE,21,200.06,12,0
55743.09,Food,EXPENSE,13,107.73,9,1
67346.1,Food,EXPENSE,4,262.62,1,1
37526.1,Other,INCOME,10,321.25,1,0
29613.95,Food,EXPENSE,21,563.59,17,0
56824.45,Bills,INCOME,20,458.25,16,1
13553.71,Bills,EXPENSE,12,214.56,6,0
77205.31,Travel,EXPENSE,21,59.44,0,1
29140.42,Shopping,EXPENSE,19,307.21,7,0
49197.27,Salary,INCOME,3,437.68,18,1
64399.61,Shopping,INCOME,13,754.59,4,1
49678.25,Travel,INCOME,3,521.87,12,1
33715.53,Bills,INCOME,20,404.22,0,1
25018.68,Travel,EXPENSE,9,38.95,12,0
45188.21,Other,EXPENSE,5,359.43,11,0
73671.05,Other,INCOME,3,923.03,20,1
86212.63,Food,INCOME,2,412.82,13,1
54249.38,Food,EXPENSE,6,579.11,15,1
29426.59,Shopping,INCOME,20,614.21,18,0
79975.75,Bills,EXPENSE,10,140.54,12,1
82921.32,Other,INCOME,9,302.93,0,1
79934.51,Shopping,EXPENSE,8,536.69,12,1
7096.13,Other,INCOME,7,462.02,9,0
22675.06,Food,EXPENSE,17,31.57,4,0
38095.81,Entertainment,EXPENSE,8,787.99,19,1
66970.14,Bills,EXPENSE,12,85.27,8,1
78262.01,Food,EXPENSE,3,814.58,19,1
31567.08,Bills,EXPENSE,9,726.28,13,1
66924.61,Travel,INCOME,2,968.82,7,1
28126.32,Travel,EXPENSE,16,103.64,17,0
31239.44,Shopping,EXPENSE,22,703.87,5,1
11628.63,Other,EXPENSE,9,311.82,1,0
41436.35,Entertainment,INCOME,1,806.67,12,1
29626.42,Other,INCOME,16,212.68,0,1
26304.48,Other,INCOME,12,271.77,15,0
76468.82,Bills,INCOME,21,976.72,19,1
5512.53,Salary,INCOME,0,222.48,14,1
61842.78,Entertainment,INCOME,0,604.27,7,1
10698.94,Travel,INCOME,23,969.67,19,1
18622.92,Salary,INCOME,9,70.81,12,1
16824.58,Other,INCOME,11,233.74,2,0
55674.3,Shopping,INCOME,12,241.44,1,1
99645.26,Entertainment,INCOME,20,332.29,13,1
16616.07,Travel,INCOME,1,388.5,9,1
28125.84,Shopping,INCOME,14,599.45,17,0
63575.98,Entertainment,INCOME,16,252.33,2,1
89823.4,Travel,INCOME,3,25.35,1,1
45626.69,Bills,EXPENSE,2,444.52,7,1
31354.2,Shopping,EXPENSE,6,815.87,1,1
10371.18,Food,INCOME,3,573.73,13,1
99270.41,Shopping,EXPENSE,5,921.91,8,1
8658.79,Other,INCOME,10,849.21,13,1
22783.59,Travel,INCOME,21,564.64,13,0
92565.5,Shopping,EXPENSE,7,567.55,3,1
67986.62,Other,EXPENSE,23,234.14,7,1
87649.59,Other,EXPENSE,9,617.19,18,1
38503.44,Bills,INCOME,6,719.34,3,1
61361.69,Salary,INCOME,7,103.77,14,1
56814.11,Shopping,INCOME,22,913.04,8,1
71779.81,Travel,EXPENSE,23,811.79,11,1
37642.77,Shopping,EXPENSE,19,153.43,15,1
38832.63,Bills,EXPENSE,8,701.3,7,1
20115.78,Food,INCOME,19,390.52,1,0
36560.86,Entertainment,EXPENSE,15,872.71,10,1
12573.27,Salary,EXPENSE,12,136.25,0,0
81156.12,Entertainment,EXPENSE,11,750.12,12,1
20902.16,Entertainment,INCOME,0,101.62,9,1
62857.79,Shopping,INCOME,15,4.9,7,1
23771.84,Salary,EXPENSE,15,695.61,3,0
98557.18,Bills,EXPENSE,11,322.15,19,1
64862.28,Shopping,EXPENSE,19,923.92,12,1
758.44,Salary,EXPENSE,3,667.22,1,1
32703.96,Food,INCOME,2,846.09,14,1
25829.41,Shopping,EXPENSE,4,947.56,7,1
67274.97,Entertainment,EXPENSE,20,763.78,16,1
66617.64,Bills,EXPENSE,21,686.6,17,1
47833.23,Travel,EXPENSE,2,61.36,8,1
49404.33,Bills,EXPENSE,20,991.86,11,1
72477.7,Food,EXPENSE,4,987.83,16,1
87884.71,Food,INCOME,6,750.65,16,1
39793.64,Shopping,EXPENSE,15,384.41,20,1
97476.01,Travel,EXPENSE,4,189.58,8,1
69043.28,Bills,EXPENSE,13,506.74,10,1
60968.45,Food,INCOME,14,434.55,0,1
14776.83,Other,EXPENSE,22,571.57,7,0
97752.21,Travel,EXPENSE,20,805.04,14,1
17521.75,Entertainment,EXPENSE,14,583.17,19,0
56788.66,Other,EXPENSE,5,313.02,19,1
25763.44,Shopping,INCOME,7,801.43,20,1
70362.29,Entertainment,INCOME,16,112.97,3,1
78326.21,Travel,EXPENSE,1,426.09,0,1
51997.74,Shopping,INCOME,15,85.17,10,1
34804.61,Salary,EXPENSE,20,909.85,5,1
53088.13,Entertainment,EXPENSE,5,922.29,18,1
15236.81,Salary,INCOME,12,953.72,14,1
41275.01,Salary,INCOME,12,724.85,6,1
32433.89,Shopping,EXPENSE,17,796.3,5,1
34502.82,Entertainment,INCOME,14,769.56,14,1
79675.71,Travel,INCOME,15,852.71,10,1
6791.43,Salary,EXPENSE,8,719.81,8,1
7395.37,Bills,EXPENSE,12,963.18,14,1
71062.88,Bills,EXPENSE,11,392.94,20,1
43137.31,Food,EXPENSE,11,948.07,9,1
16078.75,Travel,EXPENSE,0,543.04,11,1
24962.01,Salary,EXPENSE,18,964.01,20,1
63767.51,Travel,INCOME,7,961.55,5,1
3979.57,Bills,EXPENSE,2,171.76,14,1
42704.58,Shopping,INCOME,17,348.94,5,1
13416.75,Food,INCOME,0,550.41,4,1
25375.76,Salary,EXPENSE,13,681.88,5,0
69833.8,Other,EXPENSE,20,395.56,2,1
73150.32,Shopping,INCOME,10,91.37,0,1
36375.05,Food,EXPENSE,16,114.82,9,0
76869.92,Salary,EXPENSE,4,429.27,5,1
4813.26,Travel,INCOME,0,996.03,4,1
32257.77,Travel,EXPENSE,0,705.39,6,1
68296.14,Other,INCOME,6,995.76,10,1
57452.85,Bills,EXPENSE,17,30.14,19,1
41583.51,Bills,EXPENSE,3,422.03,13,1
83623.03,Bills,INCOME,0,248.73,0,1
27880.89,Shopping,EXPENSE,0,389.53,13,1
58049.47,Food,EXPENSE,21,546.6,9,1
33162.22,Food,EXPENSE,10,728.87,3,1
29967.4,Entertainment,INCOME,22,169.96,0,1
29607.03,Food,INCOME,0,317.85,0,1
96434.16,Bills,INCOME,3,730.81,6,1
83653.9,Salary,INCOME,11,159.8,7,1
13359.25,Other,EXPENSE,10,503.21,17,0
45630.11,Bills,INCOME,7,349.84,8,0
95466.97,Other,INCOME,15,995.06,5,1
74627.9,Salary,EXPENSE,19,364.13,3,1
91467.81,Other,EXPENSE,10,319.34,13,1
46327.53,Salary,EXPENSE,12,40.38,2,0
27672.22,Entertainment,EXPENSE,7,19.87,11,0
53387.99,Other,EXPENSE,22,759.23,15,1
54379.68,Food,INCOME,4,178.09,7,1
70266.69,Salary,INCOME,21,730.84,19,1
4567.3,Salary,INCOME,18,406.77,10,0
59978.46,Other,EXPENSE,3,680.62,14,1
79758.22,Travel,EXPENSE,22,305.45,10,1
97158.01,Bills,INCOME,10,767.05,3,1
38936.01,Entertainment,INCOME,16,570.44,1,0
10947.52,Shopping,EXPENSE,5,116.29,6,0
70946.52,Entertainment,INCOME,1,7.76,16,1
45877.71,Salary,EXPENSE,4,671.62,20,1
51645.69,Entertainment,EXPENSE,0,686.86,15,1
90255.26,Salary,EXPENSE,23,246.42,18,1
63923.16,Entertainment,EXPENSE,14,105.13,10,1
93507.38,Other,EXPENSE,6,520.87,15,1
88198.72,Salary,INCOME,4,513.36,20,1
56104.11,Entertainment,INCOME,16,651.96,17,1
25857.36,Travel,INCOME,12,696.68,1,0
89659.68,Food,EXPENSE,15,237.21,18,1
58260.12,Entertainment,INCOME,8,312.63,20,1
86961.35,Shopping,INCOME,3,850.0,1,1
58173.96,Other,EXPENSE,23,426.04,12,1
92628.88,Shopping,EXPENSE,9,768.59,11,1
10957.06,Bills,EXPENSE,23,259.12,10,0
91964.34,Travel,INCOME,20,636.83,18,1
46233.02,Entertainment,INCOME,11,506.28,10,0
75644.97,Salary,INCOME,10,416.64,17,1
47721.29,Shopping,EXPENSE,9,677.19,15,1
69357.69,Food,INCOME,20,669.92,14,1
38823.55,Salary,EXPENSE,10,657.59,20,0
49218.36,Entertainment,EXPENSE,12,583.87,4,0
71563.88,Entertainment,INCOME,9,13.65,6,1
58807.47,Shopping,EXPENSE,17,333.03,1,1
22459.62,Other,EXPENSE,21,801.16,10,1
45887.15,Shopping,INCOME,3,284.74,14,1
59443.84,Food,EXPENSE,4,968.58,7,1
48755.52,Shopping,INCOME,19,329.74,1,1
71050.6,Shopping,INCOME,11,694.86,1,1
14922.21,Food,INCOME,3,470.26,2,1
97438.78,Shopping,INCOME,18,274.09,15,1
11160.15,Travel,EXPENSE,17,563.72,19,0
63505.02,Bills,EXPENSE,13,324.93,14,1
10381.63,Travel,EXPENSE,4,906.35,17,1
65638.71,Salary,EXPENSE,11,386.2,9,1
69512.72,Travel,EXPENSE,8,370.98,10,1
34043.93,Shopping,EXPENSE,4,969.53,6,1
42898.96,Bills,INCOME,15,768.16,19,1
31195.76,Other,EXPENSE,7,646.17,15,0
98617.09,Entertainment,EXPENSE,8,678.37,13,1
51978.88,Salary,EXPENSE,12,565.57,4,1
42437.68,Entertainment,EXPENSE,5,946.95,5,1
56445.17,Shopping,INCOME,21,23.36,3,1
60568.94,Bills,INCOME,0,917.69,2,1
67837.61,Travel,EXPENSE,1,207.21,6,1
61179.56,Bills,INCOME,19,475.62,5,1
38270.14,Salary,EXPENSE,17,649.05,7,0
81798.86,Entertainment,EXPENSE,23,596.27,18,1
78330.5,Entertainment,EXPENSE,3,2.44,10,1
48064.37,Travel,EXPENSE,13,42.12,1,0
12636.04,Travel,EXPENSE,20,463.3,8,0
77951.41,Shopping,INCOME,19,559.66,15,1
53568.01,Bills,EXPENSE,17,933.53,1,1
15115.05,Salary,EXPENSE,2,980.85,5,1
57713.3,Food,INCOME,8,415.96,13,1
57980.01,Travel,INCOME,15,408.35,18,1
69276.41,Food,INCOME,8,439.96,20,1
81666.13,Shopping,EXPENSE,11,461.03,14,1
69502.94,Bills,INCOME,17,906.14,8,1
410.17,Salary,INCOME,13,318.08,14,0
86759.35,Bills,EXPENSE,4,904.88,16,1
45403.34,Travel,INCOME,4,398.89,1,1
13676.27,Other,EXPENSE,12,687.02,2,0
75601.15,Shopping,EXPENSE,14,26.85,10,1
49294.53,Salary,INCOME,1,334.69,12,1
1106.92,Travel,EXPENSE,22,839.33,20,1
30596.16,Bills,INCOME,20,64.1,14,0
19131.27,Food,EXPENSE,8,133.54,11,0
37339.41,Salary,INCOME,2,838.45,0,1
60412.83,Entertainment,INCOME,17,19.72,14,1
70260.01,Bills,EXPENSE,22,514.44,12,1
89846.29,Shopping,EXPENSE,1,479.54,20,1
94907.82,Bills,INCOME,1,284.98,7,1
54819.78,Shopping,INCOME,19,379.31,4,1
29402.4,Food,EXPENSE,10,974.45,2,1
82876.29,Food,EXPENSE,21,468.98,3,1
73704.08,Food,EXPENSE,0,372.22,4,1
28941.54,Bills,EXPENSE,21,762.6,20,1
68283.64,Travel,EXPENSE,2,11.96,5,1
88575.31,Shopping,INCOME,8,648.42,20,1
93710.18,Salary,EXPENSE,19,422.26,19,1
98777.02,Salary,INCOME,8,831.42,5,1
38388.61,Salary,INCOME,21,648.45,1,0
40476.13,Food,INCOME,23,211.19,9,0
79344.85,Salary,INCOME,2,900.46,6,1
93746.32,Entertainment,EXPENSE,14,789.41,12,1
77156.07,Salary,INCOME,12,533.57,12,1
529.61,Entertainment,INCOME,10,496.4,2,0
45807.62,Entertainment,EXPENSE,11,520.96,19,0
51645.31,Food,INCOME,8,588.23,1,1
21183.32,Other,INCOME,16,400.77,9,0
67400.35,Bills,INCOME,8,330.7,18,1
55806.22,Travel,EXPENSE,8,373.89,7,1
97402.73,Salary,EXPENSE,3,901.36,2,1
5722.54,Salary,INCOME,22,861.6,17,1
67758.93,Entertainment,INCOME,19,222.37,5,1
35728.74,Entertainment,INCOME,3,500.08,6,1
65925.0,Salary,EXPENSE,20,275.0,17,1
75947.99,Travel,EXPENSE,21,858.43,8,1
61639.15,Bills,EXPENSE,0,334.95,10,1
82632.12,Other,INCOME,17,864.46,19,1
6470.56,Other,INCOME,15,971.74,8,1
54006.25,Bills,INCOME,12,4.92,5,1
93550.77,Food,INCOME,23,547.64,8,1
98667.33,Travel,EXPENSE,8,429.78,14,1
33628.11,Food,INCOME,11,800.61,19,1
18133.87,Bills,INCOME,19,919.48,16,1
45526.85,Entertainment,INCOME,15,330.64,8,0
25835.34,Bills,INCOME,2,235.6,0,1
61057.15,Travel,EXPENSE,13,994.72,0,1
96257.97,Bills,EXPENSE,22,453.68,2,1
58163.61,Shopping,INCOME,7,515.93,0,1
84037.61,Other,INCOME,9,478.52,7,1
78842.96,Shopping,INCOME,3,921.12,2,1
40988.47,Other,INCOME,4,705.25,7,1
6257.14,Other,INCOME,0,657.23,10,1
51870.08,Other,INCOME,7,102.14,1,1
13097.11,Salary,INCOME,7,248.08,6,0
96024.18,Travel,INCOME,2,536.9,20,1
28462.67,Bills,INCOME,13,188.05,2,0
10558.73,Salary,EXPENSE,6,543.61,0,0
84751.22,Entertainment,INCOME,17,758.3,1,1
41648.83,Shopping,INCOME,11,622.58,16,1
40163.92,Travel,INCOME,13,326.1,9,0
93012.73,Travel,EXPENSE,10,139.51,5,1
52354.99,Entertainment,INCOME,13,584.0,10,1
61364.6,Bills,INCOME,5,536.86,5,1
84077.83,Shopping,INCOME,1,328.34,1,1
67001.39,Other,EXPENSE,19,540.39,14,1
73371.98,Other,EXPENSE,6,745.79,0,1
43287.45,Bills,INCOME,9,126.78,14,0
74909.76,Entertainment,INCOME,4,427.48,17,1
77790.71,Travel,INCOME,4,529.18,12,1
72251.4,Travel,EXPENSE,16,993.94,15,1
22688.34,Shopping,INCOME,2,956.59,0,1
66600.52,Travel,EXPENSE,8,637.73,11,1
75451.51,Salary,INCOME,15,242.72,13,1
95406.28,Travel,INCOME,15,644.32,1,1
33092.64,Shopping,INCOME,22,584.01,6,1
12626.42,Bills,EXPENSE,23,636.03,4,0
34471.87,Other,INCOME,0,312.17,5,1
4223.79,Salary,EXPENSE,10,342.18,9,0
52144.7,Salary,EXPENSE,18,795.76,14,1
29352.51,Food,INCOME,15,971.07,17,1
6961.59,Other,INCOME,20,784.34,9,1
64510.1,Travel,INCOME,10,380.11,0,1
96536.55,Entertainment,INCOME,23,671.13,15,1
20762.55,Salary,EXPENSE,19,848.14,5,1
60248.65,Shopping,INCOME,22,437.7,0,1
42352.9,Travel,EXPENSE,21,614.96,10,0
59302.82,Other,INCOME,5,421.75,1,1
2451.74,Entertainment,INCOME,6,59.16,4,0
4767.49,Other,EXPENSE,18,511.65,3,0
94534.98,Bills,EXPENSE,12,143.78,7,1
42458.62,Entertainment,EXPENSE,10,891.09,17,1
7615.85,Entertainment,EXPENSE,3,365.98,6,1
28056.34,Other,EXPENSE,10,403.7,0,1
65610.91,Bills,EXPENSE,16,766.95,2,1
92603.92,Shopping,INCOME,21,620.99,14,1
58157.54,Shopping,INCOME,15,340.63,10,1
37116.81,Shopping,EXPENSE,10,324.21,20,1
62937.91,Travel,EXPENSE,14,114.73,16,1
89014.66,Other,INCOME,2,559.15,19,1
16087.34,Shopping,EXPENSE,23,853.24,11,1
93306.21,Bills,EXPENSE,2,394.36,10,1
6756.75,Salary,EXPENSE,2,299.37,11,1
71067.73,Shopping,EXPENSE,1,803.83,1,1
66497.87,Bills,INCOME,19,881.71,14,1
51313.44,Other,EXPENSE,9,951.07,6,1
36269.49,Other,EXPENSE,5,723.5,2,1
73795.78,Shopping,INCOME,0,736.78,5,1
99866.9,Bills,EXPENSE,9,643.99,0,1
9070.91,Other,EXPENSE,17,901.18,11,1
66020.46,Shopping,INCOME,18,316.98,18,1
2739.62,Other,INCOME,19,913.1,2,1
91094.15,Travel,EXPENSE,10,302.49,0,1
90009.44,Food,EXPENSE,6,799.92,7,1
50258.83,Shopping,INCOME,2,202.13,19,1
62360.1,Salary,EXPENSE,14,427.52,13,1
49382.2,Shopping,EXPENSE,3,768.0,4,1
16584.15,Food,EXPENSE,16,83.58,7,0
29035.42,Other,INCOME,17,34.37,19,0
60254.07,Entertainment,EXPENSE,18,379.85,13,1
36078.34,Travel,EXPENSE,18,107.69,18,0
3658.23,Travel,EXPENSE,21,216.96,10,0
56180.71,Other,EXPENSE,3,442.27,4,1
43132.26,Other,INCOME,15,53.83,9,0
71166.91,Salary,EXPENSE,15,85.08,20,1
54808.19,Entertainment,EXPENSE,19,115.15,16,1
47939.4,Food,INCOME,0,112.01,6,1
2341.48,Travel,INCOME,8,592.43,13,0
49334.62,Shopping,INCOME,12,344.94,15,1
75125.36,Travel,INCOME,22,859.66,14,1
7570.4,Bills,EXPENSE,3,394.37,6,1
95970.12,Entertainment,EXPENSE,2,652.32,1,1
88886.84,Other,INCOME,0,954.11,18,1
85978.38,Travel,EXPENSE,13,398.94,14,1
34569.73,Entertainment,INCOME,12,914.0,12,1
60479.38,Other,EXPENSE,7,218.2,14,1
49340.57,Salary,INCOME,16,818.79,0,1
86671.45,Food,INCOME,20,48.56,13,1
18301.44,Shopping,EXPENSE,0,799.08,12,1
53474.95,Bills,INCOME,9,881.68,17,1
55228.34,Entertainment,EXPENSE,7,468.12,19,1
84080.92,Bills,EXPENSE,4,524.6,10,1
83854.81,Travel,INCOME,17,945.55,8,1
99893.67,Food,EXPENSE,19,769.3,18,1
78183.21,Travel,INCOME,16,861.93,7,1
54288.96,Travel,INCOME,6,396.38,18,1
19291.23,Travel,EXPENSE,1,258.1,7,1
43925.62,Entertainment,INCOME,13,421.09,8,0
73818.52,Salary,INCOME,3,392.89,15,1
13070.43,Bills,EXPENSE,3,457.37,11,1
57529.99,Bills,INCOME,1,121.83,11,1
536.85,Food,EXPENSE,23,776.25,8,1
37018.65,Travel,EXPENSE,22,311.61,6,0
89168.67,Food,INCOME,17,381.21,3,1
91747.42,Other,EXPENSE,12,76.13,16,1
39996.88,Salary,EXPENSE,10,341.7,20,0
97136.19,Shopping,EXPENSE,23,398.24,7,1
75318.31,Other,EXPENSE,15,452.08,8,1
19880.54,Other,INCOME,20,685.99,8,0
84767.58,Shopping,INCOME,13,28.66,7,1
85130.12,Food,INCOME,20,979.42,4,1
15026.09,Travel,INCOME,18,471.58,8,0
69062.03,Salary,INCOME,23,872.29,6,1
53061.18,Entertainment,INCOME,21,786.1,1,1
32518.17,Salary,INCOME,0,979.84,18,1
2986.2,Salary,EXPENSE,13,682.97,11,0
11394.52,Travel,INCOME,22,790.72,0,1
81633.84,Salary,INCOME,17,272.01,15,1
3440.92,Salary,INCOME,5,810.47,18,1
66093.61,Shopping,EXPENSE,9,811.3,19,1
25545.55,Entertainment,INCOME,13,576.08,9,0
8500.12,Salary,INCOME,22,698.16,11,0
13086.54,Shopping,EXPENSE,16,7.75,0,0
96686.01,Salary,EXPENSE,20,992.83,6,1
46122.68,Salary,INCOME,22,751.26,18,1
31338.8,Food,INCOME,22,212.86,7,0
42285.13,Salary,INCOME,22,91.1,1,0
44523.35,Bills,EXPENSE,4,683.09,19,1
65628.51,Bills,INCOME,2,737.67,7,1
27094.88,Other,INCOME,17,281.84,9,0
70576.11,Salary,EXPENSE,10,713.63,4,1
88705.5,Entertainment,EXPENSE,20,213.27,5,1
80977.3,Salary,INCOME,12,658.43,18,1
12513.2,Travel,EXPENSE,4,414.56,10,1
63739.51,Salary,INCOME,3,827.94,10,1
13032.97,Salary,EXPENSE,16,865.3,14,1
67529.82,Entertainment,INCOME,2,932.36,0,1
57706.93,Food,INCOME,3,76.07,12,1
38213.38,Salary,EXPENSE,3,999.36,16,1
75836.94,Bills,INCOME,9,172.46,9,1
48972.8,Salary,INCOME,22,184.72,15,0
66927.08,Shopping,INCOME,14,4.73,15,1
88741.24,Salary,EXPENSE,10,242.25,10,1
15724.57,Other,EXPENSE,17,968.91,5,1
57196.54,Entertainment,EXPENSE,19,409.1,12,1
2001.89,Entertainment,INCOME,11,910.56,6,1
21540.03,Entertainment,INCOME,14,63.18,9,0
82536.16,Entertainment,EXPENSE,3,768.54,0,1
18931.75,Salary,INCOME,0,831.97,18,1
2166.44,Food,EXPENSE,15,520.19,1,0
51235.98,Salary,INCOME,22,705.05,13,1
93925.09,Travel,EXPENSE,1,498.71,1,1
88935.73,Entertainment,EXPENSE,8,504.61,19,1
69539.68,Bills,INCOME,23,304.47,14,1
93390.28,Travel,INCOME,11,59.27,15,1
67336.1,Shopping,INCOME,12,316.66,4,1
39546.96,Salary,INCOME,2,773.41,16,1
10341.14,Entertainment,INCOME,15,476.63,11,1
91947.78,Food,EXPENSE,9,333.84,4,1
6147.96,Bills,EXPENSE,12,611.46,7,0
12544.48,Salary,INCOME,21,952.04,8,1
95305.38,Shopping,INCOME,7,241.52,19,1
75905.7,Bills,INCOME,1,732.44,7,1
43296.42,Shopping,EXPENSE,20,148.49,14,1
47889.64,Food,EXPENSE,10,708.09,6,1
63306.05,Entertainment,EXPENSE,1,720.12,11,1
87980.1,Bills,INCOME,19,930.7,6,1
43475.83,Travel,INCOME,4,149.45,11,1
15976.12,Other,EXPENSE,14,139.81,7,0
17712.55,Shopping,EXPENSE,3,35.35,7,1
82463.99,Salary,EXPENSE,0,543.22,18,1
65515.25,Shopping,EXPENSE,6,743.06,0,1
19149.18,Other,EXPENSE,21,123.79,20,0
81079.24,Travel,INCOME,11,398.62,2,1
64584.69,Entertainment,EXPENSE,8,464.74,14,1
52400.29,Salary,INCOME,21,677.53,15,1
57158.12,Bills,EXPENSE,20,627.83,9,1
70616.75,Shopping,INCOME,23,832.0,4,1
48972.29,Salary,EXPENSE,14,620.72,5,0
3060.24,Travel,EXPENSE,20,823.91,6,1
99081.57,Entertainment,INCOME,16,529.32,19,1
72596.48,Travel,EXPENSE,20,802.79,1,1
45708.58,Entertainment,INCOME,21,672.13,6,0
8076.25,Shopping,EXPENSE,7,164.98,19,0
75768.21,Other,INCOME,11,797.87,2,1
72762.05,Travel,INCOME,0,396.12,13,1
73657.29,Entertainment,INCOME,20,671.09,1,1
45801.38,Shopping,INCOME,13,471.03,9,1
57721.76,Entertainment,INCOME,7,142.33,18,1
61583.0,Salary,EXPENSE,7,527.74,5,1
85658.8,Bills,EXPENSE,4,103.16,11,1
40074.08,Salary,INCOME,9,205.9,13,0
60391.56,Entertainment,INCOME,19,289.03,6,1
34819.24,Other,INCOME,13,362.29,20,0
7494.92,Food,INCOME,6,31.31,4,0
9149.43,Salary,EXPENSE,23,806.67,14,1
38047.93,Bills,EXPENSE,21,742.91,5,1
39082.63,Other,INCOME,6,719.82,5,1
72984.9,Shopping,INCOME,8,564.28,19,1
42637.15,Bills,EXPENSE,3,580.26,1,1
30271.25,Entertainment,INCOME,12,720.0,0,1
20826.88,Other,EXPENSE,13,309.54,14,0
55784.17,Entertainment,EXPENSE,21,469.03,11,1
63028.59,Shopping,EXPENSE,15,991.72,1,1
61655.19,Food,EXPENSE,15,96.73,13,1
93774.12,Salary,INCOME,20,949.59,3,1
35039.45,Bills,EXPENSE,22,271.9,13,0
83547.39,Shopping,INCOME,6,688.67,7,1
76822.95,Food,INCOME,4,501.17,18,1
33208.92,Bills,INCOME,2,553.13,14,1
89398.2,Salary,INCOME,14,90.57,16,1
53997.6,Travel,INCOME,8,245.51,8,1
60642.71,Bills,INCOME,19,214.32,1,1
74703.3,Food,EXPENSE,7,45.08,18,1
82878.38,Bills,INCOME,12,802.22,20,1
93037.37,Shopping,EXPENSE,11,251.14,12,1
17721.57,Food,EXPENSE,3,686.03,12,1
23551.69,Bills,EXPENSE,0,521.11,1,1
86784.75,Bills,INCOME,12,427.17,9,1
5906.89,Bills,INCOME,8,441.3,14,0
91404.91,Food,EXPENSE,13,81.06,5,1
33836.02,Other,EXPENSE,23,574.55,12,0
97904.49,Entertainment,INCOME,22,502.71,2,1
90298.94,Food,EXPENSE,9,122.62,16,1
21524.99,Shopping,EXPENSE,17,415.98,12,1
81501.5,Entertainment,INCOME,10,749.21,0,1
33906.66,Other,INCOME,6,789.82,0,1
87603.32,Food,EXPENSE,5,855.57,11,1
9512.96,Entertainment,EXPENSE,11,558.94,12,0
65424.86,Food,INCOME,19,568.2,18,1
91339.06,Salary,INCOME,1,877.09,10,1
9534.14,Other,EXPENSE,18,411.78,14,0
43338.29,Salary,INCOME,2,483.03,17,1
31153.33,Travel,EXPENSE,22,162.94,17,0
95424.42,Other,INCOME,0,490.4,3,1
8418.75,Entertainment,EXPENSE,6,812.78,2,1
27980.88,Shopping,EXPENSE,4,42.09,8,1
5263.6,Other,EXPENSE,15,872.78,2,1
47144.91,Shopping,INCOME,12,154.5,14,1
740.16,Bills,EXPENSE,2,690.51,5,1
78909.87,Salary,EXPENSE,23,32.82,7,1
99468.0,Entertainment,INCOME,2,429.33,15,1
16843.43,Food,INCOME,1,831.46,2,1
89926.78,Salary,EXPENSE,21,710.46,7,1
61477.39,Entertainment,EXPENSE,6,59.29,10,1
87487.92,Entertainment,INCOME,18,720.64,4,1
78813.64,Travel,EXPENSE,9,815.99,10,1
55519.4,Salary,EXPENSE,0,881.47,12,1
57093.52,Bills,EXPENSE,9,359.31,11,1
6556.96,Other,EXPENSE,6,792.61,0,1
40524.57,Shopping,EXPENSE,22,889.96,0,1
74727.77,Other,INCOME,1,876.44,2,1
